pdb_chains,chain,wild,residue_id,mutant,ddG,
1A22_AB,A,C,171,A,1.019,
1A22_AB,B,C,67,A,0,
1A22_AB,B,C,81,A,0,
1A22_AB,A,D,160,A,0.974,
1A22_AB,B,D,119,A,1.53,
1A22_AB,B,D,85,A,0.984,
1A22_AB,A,E,163,A,-0.909,
1A22_AB,A,E,56,A,0.624,
1A22_AB,A_A,E_R,56_64,D_M,2.002,
1A22_AB,A,E,65,A,-0.393,
1A22_AB,B,E,12,A,1.373,
1A22_AB,B,E,34,A,-0.099,
1A22_AB,B,E,79,A,-0.202,
1A22_AB,B_B,E_K,79_80,A_A,-0.345,
1A22_AB,B,E,86,A,0.786,
1A22_AB,A,F,165,A,1.024,
1A22_AB,A,F,165,Y,1.269,
1A22_AB,A,F,25,A,-0.424,
1A22_AB,A_A_A,F_Y_Q,25_42_46,A_A_A,0.198,
1A22_AB,A,H,18,A,-0.346,
1A22_AB,A,H,21,A,0.155,
1A22_AB,A,I,168,A,0.698,
1A22_AB,B,I,120,A,2.154,
1A22_AB,B,I,62,A,1.272,
1A22_AB,B,I,64,A,1.35,
1A22_AB,A,K,157,A,-0.052,
1A22_AB,A_A,K_E,157_163,A_A,-0.769,
1A22_AB,A,K,161,A,1.778,
1A22_AB,A_A,K_F,161_165,A_A,3.779,
1A22_AB,B,K,122,A,-0.009,
1A22_AB,B,K,80,A,0.08,
1A22_AB,A,L,45,A,1.224,
1A22_AB,A,N,63,A,0.51,
1A22_AB,B,N,173,A,0.286,
1A22_AB,A,P,48,A,0.41,
1A22_AB,A,P,61,A,1.209,
1A22_AB,B,P,65,A,2.965,
1A22_AB,A,Q,22,A,-0.22,
1A22_AB,A,Q,46,A,0.108,
1A22_AB,A,Q,68,A,0.787,
1A22_AB,B,Q,121,A,0.009,
1A22_AB,B_B_B,Q_K_V,121_122_126,A_A_A,-0.872,
1A22_AB,B,Q,33,A,-0.194,
1A22_AB,A,R,156,A,0.06,
1A22_AB,A,R,167,A,2.424,
1A22_AB,A,R,167,K,0.953,
1A22_AB,A,R,167,N,1.269,
1A22_AB,A,R,64,A,1.721,
1A22_AB,A_A,R_D,64_160,A_A,3.321,
1A22_AB,A,R,64,K,-0.314,
1A22_AB,B,R,11,A,1.523,
1A22_AB,B,R,11,L,0.521,
1A22_AB,B,R,11,M,1,
1A22_AB,B,R,172,A,0.261,
1A22_AB,B_B,R_N,172_173,A_A,0.902,
1A22_AB,B,R,30,A,0.568,
1A22_AB,A,S,51,A,0.348,
1A22_AB,A,S,62,A,0.397,
1A22_AB,B,S,174,A,0.034,
1A22_AB,B,S,57,A,-0.169,
1A22_AB,B_B,S_S,57_61,A_A,-0.569,
1A22_AB,B_B_B_B,S_S_E_K,57_61_79_80,A_A_A_A,-0.895,
1A22_AB,B_B_B_B_B_B_B,S_S_E_K_Q_K_V,57_61_79_80_121_122_126,A_A_A_A_A_A_A,-1.399,
1A22_AB,B,S,61,A,0.021,
1A22_AB,B,S,83,A,0.226,
1A22_AB,A,T,164,A,1.906,
1A22_AB,A,T,164,S,1.69,
1A22_AB,B,T,60,A,1.423,
1A22_AB,B,V,126,A,-0.67,
1A22_AB,B,W,124,A,4.729,
1A22_AB,B,W,35,A,0.545,
1A22_AB,B,W,63,A,4.681,
1A22_AB,B,W,63,F,2.783,
1A22_AB,A,Y,153,A,0.348,
1A22_AB,A,Y,42,A,0.199,
1A22_AB,A_A,Y_Q,42_46,A_A,0.289,
1AK4_AD,D,A,88,G,2.654,
1AK4_AD,D,A,88,V,0.769,
1AK4_AD,D,A,92,G,0.581,
1AK4_AD,D,A,92,V,0.359,
1AK4_AD,D,G,89,A,2.076,
1AK4_AD,D,G,89,V,3.029,
1AK4_AD,D,H,87,A,1.009,
1AK4_AD,D,H,87,Q,0.972,
1AK4_AD,D,H,87,R,1.645,
1AK4_AD,D,I,91,A,0.24,
1AK4_AD,D,I,91,V,0,
1AK4_AD,D,P,85,A,1.085,
1AK4_AD,D,P,90,A,2.172,
1AK4_AD,D,P,90,V,3.029,
1AK4_AD,D,P,93,A,0.683,
1AK4_AD,D,V,86,A,0.991,
1B41_AB,B,A,12,S,0.707,
1B41_AB,B,H,29,K,-0.888,
1B41_AB,B,H,29,R,-0.409,
1B41_AB,B,K,32,R,0.391,
1B41_AB,B,L,35,W,1.304,
1B41_AB,B,M,33,F,0.778,
1B41_AB,B,M,33,L,1.811,
1B41_AB,B,M,33,Q,1.595,
1B41_AB,B,M,33,Y,0.707,
1B41_AB,B,N,47,F,-0.142,
1B41_AB,B,N,47,R,-0.03,
1B41_AB,B,N,47,W,0.037,
1B41_AB,B,R,11,K,0.625,
1B41_AB,B,R,27,F,2.107,
1B41_AB,B,R,27,M,1.483,
1B41_AB,B,R,27,Y,2.395,
1B41_AB,B,T,8,V,1.136,
1B41_AB,B_B,T_T,8_9,V_I,0.394,
1B41_AB,B_B,T_T,8_9,V_N,2.427,
1B41_AB,B,T,9,I,0.025,
1B41_AB,B,T,9,N,3.609,
1B41_AB,B,V,34,T,1.214,
1BP3_AB,A,D,167,A,0.068,
1BP3_AB,A,E,170,A,1.831,
1BP3_AB,A,E,65,A,0.546,
1BP3_AB,A,F,172,A,1.927,
1BP3_AB,A,H,18,A,1.549,
1BP3_AB,A,H,21,A,1.247,
1BP3_AB,A,I,175,A,0.354,
1BP3_AB,A,I,175,M,-0.164,
1BP3_AB,A,K,164,A,1.727,
1BP3_AB,A_A,K_E,164_170,A_A,5.405,
1BP3_AB,A,K,168,A,2.605,
1BP3_AB,A_A,K_F,168_172,A_A,5.352,
1BP3_AB,A,N,63,A,0.856,
1BP3_AB,A,Q,68,A,0.114,
1BP3_AB,A,R,163,A,3.024,
1BP3_AB,A,R,174,A,1.15,
1BP3_AB,A,R,179,A,0.567,
1BP3_AB,A,R,64,A,0.354,
1BP3_AB,A_A,R_D,64_167,A_A,0.378,
1BP3_AB,A,S,184,A,-0.297,
1BP3_AB,A,S,62,A,1.415,
1BP3_AB,A,T,171,S,0.494,
1BP3_AB,A,Y,160,A,0.445,
1C1Y_AB,A,D,38,A,2.619,
1C1Y_AB,B,K,11,A,1.108,
1C1Y_AB,B,K,11,E,0.891,
1C1Y_AB,B,K,11,M,0.713,
1C1Y_AB,B,K,30,A,1.312,
1C1Y_AB,B_B,K_R,30_35,A_G,2.619,
1C1Y_AB,B,K,30,E,2.232,
1C1Y_AB,B,N,10,A,0.502,
1C1Y_AB,B,N,10,D,1.476,
1C1Y_AB,B,Q,12,A,1.58,
1C1Y_AB,B,R,13,A,1.455,
1C1Y_AB,B,R,35,L,2.619,
1C1Y_AB,B,R,5,A,1.906,
1C1Y_AB,B_B,R_N,5_10,A_D,2.751,
1C1Y_AB,B,T,14,A,1.455,
1C1Y_AB,B,V,15,A,1.123,
1CSE_EI,I,L,38,D,4.35,
1CSE_EI,I,L,38,E,2.35,
1CSE_EI,I,L,38,G,2.249,
1CSE_EI,I,L,38,I,2.941,
1CSE_EI,I,L,38,P,6.671,
1CSE_EI,I,L,38,S,1.172,
1CSO_EI,I,I,13,L,-4.419,
1CT0_EI,I,S,13,L,-4.1,
1CT2_EI,I,T,13,L,-3.16,
1CT4_EI,I,V,13,L,-2.992,
1EFN_AB,A,I,12,A,1.45,
1EFN_AB,A,T,13,H,1.243,
1EMV_AB,A,C,21,A,0.922,
1EMV_AB,A,D,49,A,5.915,
1EMV_AB,A,E,28,A,1.416,
1EMV_AB,A,E,39,A,2.083,
1EMV_AB,B,F,86,A,3.879,
1EMV_AB,B_A,F_L,86_31,A_A,6.677,
1EMV_AB,B_A,F_V,86_32,A_A,4.663,
1EMV_AB,B_A,F_V,86_35,A_A,4.066,
1EMV_AB,B_A,F_Y,86_52,A_A,8.719,
1EMV_AB,B_A,F_Y,86_53,A_A,8.259,
1EMV_AB,A,G,47,A,1.485,
1EMV_AB,A,I,51,A,0.848,
1EMV_AB,B,K,97,A,1.96,
1EMV_AB,A,L,31,A,3.418,
1EMV_AB,A,N,22,A,0.139,
1EMV_AB,B,N,72,A,1.165,
1EMV_AB,B,N,75,A,2.334,
1EMV_AB,A,P,45,A,0.437,
1EMV_AB,A,P,54,A,1.242,
1EMV_AB,B,Q,92,A,-0.278,
1EMV_AB,B,R,54,A,1.666,
1EMV_AB,A,S,26,A,0.173,
1EMV_AB,A,S,27,A,0.956,
1EMV_AB,A,S,46,A,0.007,
1EMV_AB,A,S,48,A,2.187,
1EMV_AB,B,S,74,A,-0.241,
1EMV_AB,B,S,77,A,-0.233,
1EMV_AB,B,S,78,A,-0.54,
1EMV_AB,B,S,84,A,-0.109,
1EMV_AB,A,T,25,A,0.728,
1EMV_AB,A,T,36,A,0.9,
1EMV_AB,B,T,87,A,0.158,
1EMV_AB,A,V,32,A,2.578,
1EMV_AB,A,V,35,A,1.664,
1EMV_AB,B,V,98,A,1.089,
1EMV_AB,A,Y,52,A,4.834,
1EMV_AB,A,Y,53,A,4.634,
1F47_AB,A,D,4,A,0.691,
1F47_AB,A,D,7,A,1.733,
1F47_AB,A,D,7,G,1.139,
1F47_AB,A,D,7,S,2.064,
1F47_AB,A,F,11,A,2.444,
1F47_AB,A,I,8,A,2.515,
1F47_AB,A,L,12,A,2.294,
1F47_AB,A,L,6,A,0.925,
1F47_AB,A,Q,15,A,-0.046,
1F47_AB,A,Y,5,A,0.869,
1FFW_AB,A,A,102,V,1.363,
1FFW_AB,A,A,89,V,0.091,
1FFW_AB,B,C,55,A,0.204,
1FFW_AB,B,D,49,A,0.096,
1FFW_AB,B,E,13,A,0.716,
1FFW_AB,B,E,20,A,0.639,
1FFW_AB,B,F,56,A,3.644,
1FFW_AB,B,H,23,A,0.034,
1FFW_AB,B,I,58,A,0.428,
1FFW_AB,A,Y,105,W,0.713,
1FSS_AB,B,A,12,S,0.324,
1FSS_AB,B,H,29,K,-0.619,
1FSS_AB,B,H,29,R,-1.272,
1FSS_AB,B,K,32,R,1.135,
1FSS_AB,B,L,35,W,1.451,
1FSS_AB,B,M,33,F,0.937,
1FSS_AB,B,M,33,L,0.963,
1FSS_AB,B,M,33,Q,1.572,
1FSS_AB,B,M,33,Y,1.395,
1FSS_AB,B,N,47,F,0.493,
1FSS_AB,B,N,47,R,-0.535,
1FSS_AB,B,N,47,W,0.116,
1FSS_AB,B,R,11,K,0.317,
1FSS_AB,B,R,27,F,2.435,
1FSS_AB,B,R,27,M,2.663,
1FSS_AB,B,R,27,Y,2.628,
1FSS_AB,B,T,8,V,-0.085,
1FSS_AB,B_B,T_T,8_9,V_I,0.442,
1FSS_AB,B_B,T_T,8_9,V_N,0.357,
1FSS_AB,B_B_B_B,T_T_R_H,8_9_11_29,V_N_K_R,-0.392,
1FSS_AB,B,T,9,I,-0.232,
1FSS_AB,B,T,9,N,1.25,
1FSS_AB,B,V,34,T,1.585,
1GC1_GC,C,D,63,A,-0.319,
1GC1_GC,C,E,85,A,1.323,
1GC1_GC,C,H,27,A,0.282,
1GC1_GC,C,K,29,A,0.536,
1GC1_GC,C,K,35,A,0.322,
1GC1_GC,C,K,46,A,1.43,
1GC1_GC,C,L,44,A,1.055,
1GC1_GC,C,N,32,A,0.183,
1GC1_GC,C,N,52,A,0.708,
1GC1_GC,C,Q,25,A,0.032,
1GC1_GC,C,Q,33,A,0.105,
1GC1_GC,C,Q,40,A,-0.41,
1GC1_GC,C_C,Q_D,40_63,A_A,-0.499,
1GC1_GC,C,Q,64,A,0.442,
1GC1_GC,C,R,59,A,1.175,
1GC1_GC,C,S,42,A,0,
1GC1_GC,C,S,60,A,-0.089,
1GC1_GC,C,T,45,A,-0.149,
1GUA_AB,A,E,37,A,1.3,
1GUA_AB,B,K,10,A,-0.4,
1GUA_AB,B,K,29,A,1.998,
1GUA_AB,B,K,32,A,0.799,
1GUA_AB,B,N,9,A,-0.4,
1GUA_AB,B,Q,11,A,0.1,
1GUA_AB,B,R,4,A,1,
1GUA_AB,B_A,R_E,4_37,A_A,1.3,
1GUA_AB,A,S,39,A,1.4,
1GUA_AB,B,T,13,A,0.701,
1GUA_AB,B,V,14,A,0.1,
1GUA_AB,B_A,V_E,14_37,A_A,1.7,
1GUA_AB,B,V,33,A,0.2,
1IAR_AB,A,E,9,Q,3.111,
1IAR_AB,A,F,82,A,-0.086,
1IAR_AB,A,F,82,D,-0.58,
1IAR_AB,A,I,5,A,1.171,
1IAR_AB,A,I,5,R,0.796,
1IAR_AB,A,K,12,E,0.139,
1IAR_AB,A,K,12,S,-0.015,
1IAR_AB,A,N,89,A,1.558,
1IAR_AB,A,Q,78,A,0.125,
1IAR_AB,A,Q,78,E,0.245,
1IAR_AB,A,R,53,Q,0.835,
1IAR_AB,A,R,81,A,0.479,
1IAR_AB,A,R,81,E,1.461,
1IAR_AB,A,R,85,A,0.427,
1IAR_AB,A,R,85,E,1.224,
1IAR_AB,A,R,88,A,3.753,
1IAR_AB,A,R,88,Q,2.828,
1IAR_AB,A,T,13,A,0.978,
1IAR_AB,A,T,13,D,-0.219,
1IAR_AB,A,T,6,A,-0.104,
1IAR_AB,A,T,6,D,1.392,
1IAR_AB,A,W,91,A,0.729,
1IAR_AB,A,W,91,D,1.306,
1JCK_AB,B,F,176,A,1.96,
1JCK_AB,B,G,102,A,0.013,
1JCK_AB,B,K,103,A,0.403,
1JCK_AB,B,N,23,A,2.076,
1JCK_AB,B,N,60,A,1.329,
1JCK_AB,B,Q,210,A,2.076,
1JCK_AB,B,T,20,A,1.488,
1JCK_AB,B,V,91,A,2.081,
1JCK_AB,B,Y,26,A,1.76,
1JCK_AB,B,Y,90,A,2.335,
1JTD_AB,B,D,14,A,1.507,
1JTD_AB,B,D,168,A,-1.061,
1JTD_AB,B,D,93,A,1.989,
1JTD_AB,A,E,78,A,0.835,
1JTD_AB,A,E,84,A,0.038,
1JTD_AB,B,E,230,A,1.849,
1JTD_AB,B,F,171,A,2.2,
1JTD_AB,B,F,192,A,3.96,
1JTD_AB,B,F,36,A,2.55,
1JTD_AB,B,I,191,A,2.889,
1JTD_AB,A,K,85,A,2.129,
1JTD_AB,A,L,76,A,1.721,
1JTD_AB,B,L,53,A,0.667,
1JTD_AB,A,M,103,A,2.504,
1JTD_AB,A,M,244,A,0.276,
1JTD_AB,A,N,74,A,0.795,
1JTD_AB,B,N,12,A,1.301,
1JTD_AB,B,N,266,A,2.669,
1JTD_AB,B,N,74,A,1.209,
1JTD_AB,A,P,81,A,1.721,
1JTD_AB,A,Q,73,A,0.515,
1JTD_AB,B,R,248,A,0.888,
1JTD_AB,B,S,131,A,0.152,
1JTD_AB,B,T,19,A,0.295,
1JTD_AB,A,V,190,A,0.038,
1JTD_AB,B,W,114,A,3.255,
1JTD_AB,B,W,15,A,1.392,
1JTD_AB,B,W,231,A,5.809,
1JTD_AB,A,Y,79,A,2.235,
1JTD_AB,B,Y,153,A,3.298,
1JTD_AB,B,Y,170,A,2.026,
1JTD_AB,B,Y,210,A,0.824,
1JTD_AB,B,Y,35,A,3.15,
1JTD_AB,B,Y,75,A,0.48,
1JTG_AB,B,D,163,A,-1.34,
1JTG_AB,B,D,163,K,-1.982,
1JTG_AB,B,D,49,A,2.347,
1JTG_AB,B_A,D_K,49_208,A_A,1.6,
1JTG_AB,B_A,D_R,49_217,A_A,1.099,
1JTG_AB,B_A,D_S,49_105,A_A,0.358,
1JTG_AB,A,E,143,A,-0.073,
1JTG_AB,A_B,E_D,143_49,A_A,1.504,
1JTG_AB,A_B,E_F,143_142,A_A,2.58,
1JTG_AB,A_B,E_K,143_74,A_A,4.06,
1JTG_AB,A_B,E_R,143_160,A_A,2.318,
1JTG_AB,A_B,E_W,143_112,A_A,2.794,
1JTG_AB,A_B,E_W,143_150,A_A,4.108,
1JTG_AB,A_B,E_W,143_162,A_A,2.076,
1JTG_AB,A,E,143,G,-0.17,
1JTG_AB,A,E,213,K,-0.41,
1JTG_AB,A,E,79,A,1.978,
1JTG_AB,A_B,E_E,79_73,A_M,1.842,
1JTG_AB,A_B_B,E_E_F,79_73_142,A_M_A,2.854,
1JTG_AB,A_B_B,E_E_K,79_73_74,A_M_A,2.102,
1JTG_AB,A_B_B_B,E_E_K_F,79_73_74_142,A_M_A_A,2.589,
1JTG_AB,A_B,E_S,79_113,A_A,1.864,
1JTG_AB,A_B_B,E_S_S,79_113_71,A_A_A,2.58,
1JTG_AB,A_A,E_Y,79_80,A_A,1.026,
1JTG_AB,A,E,79,D,3.654,
1JTG_AB,A,E,79,K,3.239,
1JTG_AB,A_B,E_D,79_49,K_A,5.638,
1JTG_AB,A_B,E_F,79_142,K_A,4.552,
1JTG_AB,A,E,85,A,1.377,
1JTG_AB,A_B,E_S,85_113,A_A,4.563,
1JTG_AB,A_B_B,E_S_S,85_113_71,A_A_A,5.04,
1JTG_AB,A_B,E_S,85_71,A_A,5.017,
1JTG_AB,A_B,E_Y,85_50,A_A,3.965,
1JTG_AB,A,E,85,G,-0.912,
1JTG_AB,A_A,E_E,85_143,G_G,-0.61,
1JTG_AB,A,E,85,V,-0.672,
1JTG_AB,A_A,E_E,85_143,V_G,-0.742,
1JTG_AB,B,E,31,A,0.821,
1JTG_AB,B,E,73,A,0.435,
1JTG_AB,B_B,E_Y,73_50,A_A,-1.496,
1JTG_AB,B,E,73,M,0.506,
1JTG_AB,B_B,E_F,73_142,M_A,2.54,
1JTG_AB,B_B,E_K,73_74,M_A,4.307,
1JTG_AB,B_B_B,E_K_F,73_74_142,M_A_A,4.569,
1JTG_AB,B,F,142,A,2.804,
1JTG_AB,B_A,F_E,142_79,A_A,2.747,
1JTG_AB,B_A_A,F_E_Y,142_79_80,A_A_A,1.504,
1JTG_AB,B_A,F_K,142_208,A_A,3.393,
1JTG_AB,B_A,F_R,142_217,A_A,3.393,
1JTG_AB,B_A,F_S,142_105,A_A,2.842,
1JTG_AB,B_A,F_Y,142_80,A_A,0.694,
1JTG_AB,B_B,F_Y,142_143,A_A,2.842,
1JTG_AB,B_B_A,F_Y_E,142_143_79,A_A_A,2.89,
1JTG_AB,B_B_A_A,F_Y_E_Y,142_143_79_80,A_A_A_A,2.842,
1JTG_AB,B_B_A,F_Y_K,142_143_208,A_A_A,4.68,
1JTG_AB,B_B_A,F_Y_R,142_143_217,A_A_A,4.541,
1JTG_AB,B_B_A,F_Y_S,142_143_105,A_A_A,4.156,
1JTG_AB,B_B_A,F_Y_Y,142_143_80,A_A_A,2.985,
1JTG_AB,B,F,36,A,3.225,
1JTG_AB,A,G,212,S,-0.268,
1JTG_AB,A_B,G_D,212_49,S_A,2.634,
1JTG_AB,A_B,G_F,212_142,S_A,3.68,
1JTG_AB,B,G,141,A,1.33,
1JTG_AB,B,G,48,A,1.113,
1JTG_AB,B,H,148,A,2.907,
1JTG_AB,B,H,41,A,3.316,
1JTG_AB,A,K,208,A,1.222,
1JTG_AB,A_B,K_D,208_49,A_A,1.553,
1JTG_AB,A_A,K_S,208_105,A_A,1.979,
1JTG_AB,A_A_B,K_S_D,208_105_49,A_A_A,1.318,
1JTG_AB,A_A_A,K_S_R,208_105_217,A_A_A,2.508,
1JTG_AB,A_A_A_B,K_S_R_D,208_105_217_49,A_A_A_A,1.49,
1JTG_AB,A_A_A_A,K_S_S_R,208_209_105_217,A_A_A_A,2.787,
1JTG_AB,A_A_A_A_B,K_S_S_R_D,208_209_105_217_49,A_A_A_A_A,1.726,
1JTG_AB,A,K,86,A,-0.852,
1JTG_AB,A,K,86,N,0.181,
1JTG_AB,B,K,74,A,3.616,
1JTG_AB,B_A,K_E,74_79,A_A,1.576,
1JTG_AB,B_A_A,K_E_Y,74_79_80,A_A_A,1.385,
1JTG_AB,B_B,K_F,74_142,A_A,4.85,
1JTG_AB,B_B_A,K_F_E,74_142_79,A_A_A,3.129,
1JTG_AB,B_B_A_A,K_F_E_Y,74_142_79_80,A_A_A_A,3.129,
1JTG_AB,B_B_A,K_F_K,74_142_208,A_A_A,5.828,
1JTG_AB,B_B_A,K_F_R,74_142_217,A_A_A,5.494,
1JTG_AB,B_B_A,K_F_S,74_142_105,A_A_A,5.159,
1JTG_AB,B_B_A,K_F_Y,74_142_80,A_A_A,4.777,
1JTG_AB,B_B_B,K_F_Y,74_142_143,A_A_A,3.893,
1JTG_AB,B_B_B_A,K_F_Y_E,74_142_143_79,A_A_A_A,2.388,
1JTG_AB,B_B_B_A_A,K_F_Y_E_Y,74_142_143_79_80,A_A_A_A_A,2.412,
1JTG_AB,B_B_B_A,K_F_Y_K,74_142_143_208,A_A_A_A,5.47,
1JTG_AB,B_B_B_A,K_F_Y_R,74_142_143_217,A_A_A_A,5.255,
1JTG_AB,B_B_B_A,K_F_Y_S,74_142_143_105,A_A_A_A,5.064,
1JTG_AB,B_B_B_A,K_F_Y_Y,74_142_143_80,A_A_A_A,4.227,
1JTG_AB,B_A,K_K,74_208,A_A,6.545,
1JTG_AB,B_A,K_R,74_217,A_A,6.617,
1JTG_AB,B_A,K_S,74_105,A_A,3.177,
1JTG_AB,B_A,K_Y,74_80,A_A,3.321,
1JTG_AB,B_B,K_Y,74_143,A_A,3.057,
1JTG_AB,B_B_A,K_Y_E,74_143_79,A_A_A,1.05,
1JTG_AB,B_B_A_A,K_Y_E_Y,74_143_79_80,A_A_A_A,1.767,
1JTG_AB,B_B_A,K_Y_K,74_143_208,A_A_A,4.874,
1JTG_AB,B_B_A,K_Y_R,74_143_217,A_A_A,4.371,
1JTG_AB,B_B_A,K_Y_S,74_143_105,A_A_A,3.727,
1JTG_AB,B_B_A,K_Y_Y,74_143_80,A_A_A,3.393,
1JTG_AB,A,L,77,A,0.864,
1JTG_AB,A,M,104,A,1.119,
1JTG_AB,A_B,M_F,104_36,A_A,3.629,
1JTG_AB,A_B_B,M_S_S,104_113_71,A_A_A,1.672,
1JTG_AB,A_B,M_Y,104_50,A_A,0.358,
1JTG_AB,A_B,M_Y,104_53,A_A,3.607,
1JTG_AB,A,M,244,A,-0.051,
1JTG_AB,A,N,75,A,-0.962,
1JTG_AB,A_B,N_D,75_49,A_A,1.576,
1JTG_AB,A_B,N_F,75_142,A_A,2.292,
1JTG_AB,A_B,N_H,75_148,A_A,2.102,
1JTG_AB,A_B,N_K,75_74,A_A,3.51,
1JTG_AB,A_B,N_R,75_160,A_A,1.576,
1JTG_AB,A_B,N_W,75_112,A_A,2.794,
1JTG_AB,A_B,N_W,75_150,A_A,4.347,
1JTG_AB,A_B,N_W,75_162,A_A,2.102,
1JTG_AB,A,P,82,A,-0.074,
1JTG_AB,A_B,P_H,82_41,A_A,2.652,
1JTG_AB,A_B,P_Y,82_50,A_A,-0.647,
1JTG_AB,A_B,P_Y,82_53,A_A,2.388,
1JTG_AB,A,P,82,Q,0.461,
1JTG_AB,A,Q,74,A,0.507,
1JTG_AB,A_B,Q_D,74_49,A_A,2.197,
1JTG_AB,A_B,Q_F,74_142,A_A,2.818,
1JTG_AB,A_B,Q_H,74_148,A_A,3.2,
1JTG_AB,A_B,Q_K,74_74,A_A,4.108,
1JTG_AB,A_B,Q_R,74_160,A_A,3.749,
1JTG_AB,A_B,Q_W,74_112,A_A,3.536,
1JTG_AB,A_B,Q_W,74_150,A_A,3.822,
1JTG_AB,A_B,Q_W,74_162,A_A,2.89,
1JTG_AB,A,R,214,Y,-0.143,
1JTG_AB,A,R,217,A,1.302,
1JTG_AB,A_B,R_D,217_49,A_A,1.111,
1JTG_AB,A_A,R_K,217_208,A_A,2.729,
1JTG_AB,A_A_B,R_K_D,217_208_49,A_A_A,1.903,
1JTG_AB,A_A,R_S,217_105,A_A,1.849,
1JTG_AB,A_A_B,R_S_D,217_105_49,A_A_A,1.254,
1JTG_AB,A_A,R_S,217_209,A_A,0.739,
1JTG_AB,A_A_B,R_S_D,217_209_49,A_A_A,0.408,
1JTG_AB,A_A_A,R_S_K,217_209_208,A_A_A,2.716,
1JTG_AB,A_A_A_B,R_S_K_D,217_209_208_49,A_A_A_A,2.031,
1JTG_AB,A_A_A,R_S_S,217_209_105,A_A_A,1.687,
1JTG_AB,A_A_A_B,R_S_S_D,217_209_105_49,A_A_A_A,0.894,
1JTG_AB,B,R,144,A,0.655,
1JTG_AB,B,R,160,A,2.736,
1JTG_AB,A,S,105,A,0.563,
1JTG_AB,A_B,S_D,105_49,A_A,1.384,
1JTG_AB,A,S,209,A,1.238,
1JTG_AB,A_B,S_D,209_49,A_A,1.64,
1JTG_AB,A_A,S_K,209_208,A_A,2.093,
1JTG_AB,A_A_B,S_K_D,209_208_49,A_A_A,1.534,
1JTG_AB,A_A,S_S,209_105,A_A,1.152,
1JTG_AB,A_A_B,S_S_D,209_105_49,A_A_A,1.094,
1JTG_AB,A_A_A,S_S_K,209_105_208,A_A_A,1.849,
1JTG_AB,A_A_A_B,S_S_K_D,209_105_208_49,A_A_A_A,0.609,
1JTG_AB,B,S,113,A,-0.516,
1JTG_AB,B,S,35,A,0,
1JTG_AB,B,S,39,A,0.022,
1JTG_AB,B,S,71,A,0.139,
1JTG_AB,B_B,S_S,71_113,A_A,0.456,
1JTG_AB,B,T,140,K,-0.014,
1JTG_AB,A,V,190,A,-0.493,
1JTG_AB,A_B,V_F,190_142,A_A,2.197,
1JTG_AB,A_B,V_Y,190_50,A_A,-0.885,
1JTG_AB,A,V,78,A,1.91,
1JTG_AB,A_B,V_F,78_142,A_A,4.514,
1JTG_AB,A_B,V_R,78_160,A_A,4.347,
1JTG_AB,A_B,V_W,78_162,A_A,4.227,
1JTG_AB,B,W,112,A,2.879,
1JTG_AB,B,W,150,A,4.314,
1JTG_AB,B,W,162,A,2.262,
1JTG_AB,A,Y,80,A,-0.131,
1JTG_AB,B,Y,143,A,0.71,
1JTG_AB,B_A,Y_E,143_79,A_A,1.864,
1JTG_AB,B_A_A,Y_E_Y,143_79_80,A_A_A,2.054,
1JTG_AB,B_A,Y_K,143_208,A_A,2.555,
1JTG_AB,B_A,Y_R,143_217,A_A,2.269,
1JTG_AB,B_A,Y_S,143_105,A_A,1.791,
1JTG_AB,B_A,Y_Y,143_80,A_A,1.075,
1JTG_AB,B,Y,50,A,-1.707,
1JTG_AB,B,Y,51,A,0.799,
1JTG_AB,B,Y,53,A,2.869,
1KAC_AB,A,P,15,S,-0.793,
1KTZ_AB,B,D,8,A,1.521,
1KTZ_AB,B,D,8,N,1.999,
1KTZ_AB,B,E,31,A,1.216,
1KTZ_AB,B,E,95,A,1.494,
1KTZ_AB,B,E,95,Q,1.626,
1KTZ_AB,B,F,6,A,2.979,
1KTZ_AB,B,I,26,A,1.896,
1KTZ_AB,B,I,29,A,1.37,
1KTZ_AB,B,L,3,A,1.824,
1KTZ_AB,A,R,13,A,1.481,
1KTZ_AB,A,R,13,K,1.151,
1KTZ_AB,A,R,64,A,2.883,
1KTZ_AB,A,R,64,K,2.2,
1KTZ_AB,B,S,25,A,0.326,
1KTZ_AB,B,S,28,A,0.216,
1KTZ_AB,B,S,28,L,4.036,
1KTZ_AB,B,T,27,A,1.513,
1KTZ_AB,A,V,62,I,0.243,
1KTZ_AB,B,V,53,A,0.415,
1M9E_AD,D,A,76,H,-1.009,
1MAH_AF,A,W,276,R,8.809,
1MAH_AF,A,Y,121,Q,3.004,
1MAH_AF,A_A,Y_W,121_276,Q_R,9.706,
1MAH_AF,A,Y,69,N,5.217,
1MAH_AF,A_A,Y_W,69_276,N_R,11.629,
1MAH_AF,A_A,Y_Y,69_121,N_Q,6.644,
1MAH_AF,A_A_A,Y_Y_W,69_121_276,N_Q_R,11.837,
1OHZ_AB,B_B,S_T,45_46,A_A,0.09,
1P69_AB,A,S,15,P,0.793,
1P6A_AB,A,Y,87,S,1.252,
1R0R_EI,I,A,10,C,-0.477,
1R0R_EI,I,A,10,D,5.156,
1R0R_EI,I_I,A_L,10_13,D_A,5.454,
1R0R_EI,I_I_I,A_L_Y,10_13_15,D_A_D,8.82,
1R0R_EI,I,A,10,E,4.514,
1R0R_EI,I,A,10,F,-2.212,
1R0R_EI,I,A,10,G,1.096,
1R0R_EI,I,A,10,H,1.75,
1R0R_EI,I,A,10,I,-1.774,
1R0R_EI,I,A,10,K,3.03,
1R0R_EI,I,A,10,L,-1.731,
1R0R_EI,I,A,10,M,-1.715,
1R0R_EI,I,A,10,N,2.06,
1R0R_EI,I,A,10,P,3.299,
1R0R_EI,I,A,10,Q,1.786,
1R0R_EI,I,A,10,R,5.454,
1R0R_EI,I_I,A_L,10_13,R_R,7.63,
1R0R_EI,I_I_I,A_T_L,10_12_13,R_K_R,9.171,
1R0R_EI,I,A,10,S,1.717,
1R0R_EI,I,A,10,T,1.25,
1R0R_EI,I_I,A_L,10_13,T_M,0.255,
1R0R_EI,I,A,10,V,-0.956,
1R0R_EI,I_I,A_T,10_12,V_S,0.093,
1R0R_EI,I,A,10,Y,-0.827,
1R0R_EI,I,E,14,A,2.06,
1R0R_EI,I,E,14,C,2.339,
1R0R_EI,I,E,14,D,0.255,
1R0R_EI,I,E,14,F,3.568,
1R0R_EI,I,E,14,G,2.674,
1R0R_EI,I,E,14,H,1.685,
1R0R_EI,I,E,14,I,0.727,
1R0R_EI,I,E,14,K,2.674,
1R0R_EI,I,E,14,L,0.562,
1R0R_EI,I,E,14,M,1.549,
1R0R_EI,I,E,14,N,2.089,
1R0R_EI,I,E,14,P,3.712,
1R0R_EI,I,E,14,Q,1.264,
1R0R_EI,I,E,14,R,2.06,
1R0R_EI,I,E,14,S,3.131,
1R0R_EI,I,E,14,T,4.193,
1R0R_EI,I,E,14,V,0.093,
1R0R_EI,I,E,14,W,1.824,
1R0R_EI,I,E,14,Y,1.864,
1R0R_EI,I,K,8,A,-0.602,
1R0R_EI,I,K,8,C,-0.607,
1R0R_EI,I,K,8,D,-0.585,
1R0R_EI,I,K,8,E,-0.109,
1R0R_EI,I,K,8,F,-0.783,
1R0R_EI,I,K,8,G,-0.827,
1R0R_EI,I,K,8,H,-0.585,
1R0R_EI,I,K,8,I,1.108,
1R0R_EI,I,K,8,L,-0.323,
1R0R_EI,I,K,8,M,-0.553,
1R0R_EI,I,K,8,N,-0.385,
1R0R_EI,I,K,8,P,1.329,
1R0R_EI,I,K,8,Q,-0.523,
1R0R_EI,I,K,8,R,0.134,
1R0R_EI,I,K,8,S,-0.303,
1R0R_EI,I_I_I,K_P_A,8_9_10,S_D_Y,-1.909,
1R0R_EI,I_I_I_I_I_I,K_P_A_L_E_R,8_9_10_13_14_16,S_D_Y_G_I_K,0.79,
1R0R_EI,I,K,8,T,0.877,
1R0R_EI,I_I_I,K_P_A,8_9_10,T_E_Y,-0.864,
1R0R_EI,I,K,8,V,0.405,
1R0R_EI,I,K,8,W,-1.09,
1R0R_EI,I,K,8,Y,-0.686,
1R0R_EI,I,L,13,A,0.414,
1R0R_EI,I,L,13,C,-1.328,
1R0R_EI,I,L,13,D,4.476,
1R0R_EI,I,L,13,E,2.12,
1R0R_EI,I,L,13,F,0.608,
1R0R_EI,I,L,13,G,2.32,
1R0R_EI,I,L,13,H,0.562,
1R0R_EI,I,L,13,I,3.209,
1R0R_EI,I,L,13,K,3.051,
1R0R_EI,I,L,13,M,-0.509,
1R0R_EI,I_I,L_Y,13_15,M_Q,3.589,
1R0R_EI,I,L,13,N,1.48,
1R0R_EI,I,L,13,P,7.581,
1R0R_EI,I,L,13,Q,0.585,
1R0R_EI,I,L,13,R,2.895,
1R0R_EI,I,L,13,S,1.549,
1R0R_EI,I,L,13,T,0.158,
1R0R_EI,I,L,13,V,2.127,
1R0R_EI,I,L,13,W,1.503,
1R0R_EI,I,L,13,Y,0.441,
1R0R_EI,I,P,9,A,-0.63,
1R0R_EI,I,P,9,C,-0.973,
1R0R_EI,I,P,9,D,-2.486,
1R0R_EI,I,P,9,E,-2.212,
1R0R_EI,I,P,9,F,1.363,
1R0R_EI,I,P,9,G,-0.341,
1R0R_EI,I,P,9,H,-0.214,
1R0R_EI,I,P,9,I,1.717,
1R0R_EI,I,P,9,K,0.34,
1R0R_EI,I,P,9,L,1.168,
1R0R_EI,I,P,9,M,-0.033,
1R0R_EI,I,P,9,N,-0.905,
1R0R_EI,I,P,9,Q,-1.395,
1R0R_EI,I,P,9,R,1.087,
1R0R_EI,I,P,9,S,0.134,
1R0R_EI,I_I_I_I,P_A_T_L,9_10_12_13,S_L_K_R,4.825,
1R0R_EI,I,P,9,T,1.181,
1R0R_EI,I,P,9,V,1.312,
1R0R_EI,I,P,9,W,0.479,
1R0R_EI,I,P,9,Y,0.846,
1R0R_EI,I,R,16,A,-0.095,
1R0R_EI,I,R,16,C,0.113,
1R0R_EI,I,R,16,D,-0.177,
1R0R_EI,I,R,16,E,0.34,
1R0R_EI,I,R,16,F,0.441,
1R0R_EI,I,R,16,G,2.06,
1R0R_EI,I,R,16,H,0.518,
1R0R_EI,I,R,16,I,0.204,
1R0R_EI,I,R,16,K,-0.095,
1R0R_EI,I,R,16,L,0.229,
1R0R_EI,I,R,16,M,0.441,
1R0R_EI,I,R,16,N,-0.05,
1R0R_EI,I,R,16,P,7.288,
1R0R_EI,I,R,16,Q,0.18,
1R0R_EI,I,R,16,S,-0.016,
1R0R_EI,I,R,16,T,0.34,
1R0R_EI,I,R,16,V,0.113,
1R0R_EI,I,R,16,W,0.932,
1R0R_EI,I,R,16,Y,0.812,
1R0R_EI,I,T,12,A,0.967,
1R0R_EI,I,T,12,C,0.802,
1R0R_EI,I,T,12,D,2.848,
1R0R_EI,I,T,12,E,2.976,
1R0R_EI,I,T,12,F,-0.065,
1R0R_EI,I,T,12,G,3.095,
1R0R_EI,I,T,12,H,0.518,
1R0R_EI,I,T,12,I,0.255,
1R0R_EI,I,T,12,K,1.907,
1R0R_EI,I_I,T_L,12_13,K_R,5.186,
1R0R_EI,I,T,12,L,0.659,
1R0R_EI,I,T,12,M,1.312,
1R0R_EI,I,T,12,N,0.018,
1R0R_EI,I,T,12,P,4.881,
1R0R_EI,I,T,12,Q,2.191,
1R0R_EI,I,T,12,R,3.299,
1R0R_EI,I_I,T_L,12_13,R_R,6.405,
1R0R_EI,I,T,12,S,0.847,
1R0R_EI,I,T,12,V,0.994,
1R0R_EI,I,T,12,W,2.895,
1R0R_EI,I,T,12,Y,-0.867,
1R0R_EI,I,Y,15,A,5.398,
1R0R_EI,I,Y,15,C,3.209,
1R0R_EI,I,Y,15,D,5.544,
1R0R_EI,I,Y,15,E,4.554,
1R0R_EI,I,Y,15,F,0.608,
1R0R_EI,I,Y,15,G,6.313,
1R0R_EI,I,Y,15,H,3.212,
1R0R_EI,I,Y,15,I,2.825,
1R0R_EI,I,Y,15,K,5.436,
1R0R_EI,I,Y,15,L,2.539,
1R0R_EI,I,Y,15,M,3.095,
1R0R_EI,I,Y,15,N,5.538,
1R0R_EI,I,Y,15,P,6.562,
1R0R_EI,I,Y,15,Q,4.44,
1R0R_EI,I,Y,15,R,4.408,
1R0R_EI,I,Y,15,S,5.091,
1R0R_EI,I,Y,15,T,5.398,
1R0R_EI,I,Y,15,V,3.461,
1R0R_EI,I,Y,15,W,-0.359,
1S0W_AC,C,A,142,F,-2.102,
1SBB_AB,B,L,20,T,-0.1,
1SBB_AB,B_B_B,L_V_Y,20_26_91,T_Y_V,0.132,
1SBB_AB,B,V,26,Y,-1.181,
1SBB_AB,B,Y,91,V,0.085,
1SBN_EI,I,R,38,K,-0.31,
1SGD_EI,I,D,13,L,-5.59,
1SGE_EI,I,E,13,L,-5.899,
1SGN_EI,I,N,13,L,-3.352,
1SGP_EI,I,A,13,L,-2.948,
1SGQ_EI,I,G,13,L,-4.934,
1SGY_EI,I,Y,13,L,-1.653,
1TM1_EI,I,E,41,A,2.988,
1TM1_EI,I,E,41,S,2.746,
1TM1_EI,I_I,E_M,41_40,S_R,3.548,
1TM1_EI,I,M,40,A,1.027,
1TM1_EI,I,M,40,F,1.027,
1TM1_EI,I,M,40,G,2.232,
1TM1_EI,I,M,40,K,1.093,
1TM1_EI,I,M,40,Y,0.056,
1TM1_EI,I,R,43,A,1.256,
1TM1_EI,I,T,39,A,2.649,
1TM1_EI,I_I,T_E,39_41,A_A,3.389,
1TM1_EI,I,T,39,D,2.098,
1TM1_EI,I_I,T_E,39_41,D_A,0.754,
1TM1_EI,I,T,39,P,3.754,
1TM1_EI,I,Y,42,A,2.579,
1TM1_EI,I,Y,42,G,4.679,
1TM3_EI,I,K,40,M,-1.093,
1TM4_EI,I,G,40,M,-2.232,
1TM5_EI,I,A,40,M,-1.027,
1TM7_EI,I,Y,40,M,-0.056,
1TMG_EI,I,F,40,M,-1.027,
1TO1_EI,I,A,42,Y,-2.98,
1Y1K_EI,I,A,39,T,-2.727,
1Y33_EI,I,P,39,T,-3.754,
1Y34_EI,I,A,41,E,-3.053,
1Y3B_EI,I,S,41,E,-2.746,
1Y4A_EI,I_I,S_R,40_39,E_M,-3.548,
2A9K_AB,B,E,65,A,3.151,
2A9K_AB,B,G,55,D,2.41,
2AJF_AE,A,D,20,A,0.585,
2AJF_AE,E,N,151,K,2.012,
2AJF_AE,E,T,159,S,1.823,
2AJF_AE,A,Y,23,A,1.452,
2AJF_AE,A,Y,23,F,1.397,
2B0Z_AB,B,I,87,F,-2.528,
2B10_AB,B,S,87,F,-1.164,
2B11_AB,B,W,87,F,-0.754,
2B42_AB,A,H,357,A,1.621,
2B42_AB,A,H,357,Q,1.065,
2BTF_AP,P,F,59,A,1.595,
2BTF_AP,P,G,120,F,1.72,
2BTF_AP,P,K,125,A,0.46,
2BTF_AP,P,V,60,E,0.978,
2DVW_AB,A_A,D_D,37_69,A_A,0.192,
2DVW_AB,A,E,180,A,0.438,
2DVW_AB,B_B,E_E,21_22,A_A,0.038,
2DVW_AB,A,K,114,A,0.034,
2DVW_AB,B,K,62,E,0.205,
2DVW_AB,A,R,39,A,0.91,
2DVW_AB,A_A,R_K,39_114,A_A,2.361,
2DVW_AB,B_B_B,R_R_R,3_4_7,A_A_A,2.789,
2DVW_AB,B_B,R_R,3_7,A_A,2.152,
2DVW_AB,B,R,7,A,0.693,
2G2U_AB,A,D,79,A,-1.548,
2G2U_AB,A_B,D_E,79_73,A_M,-2.153,
2G2U_AB,A_B_B,D_E_F,79_73_142,A_M_A,-0.694,
2G2U_AB,A_B_B,D_E_K,79_73_74,A_M_A,-1.561,
2G2U_AB,A_B_B_B,D_E_K_F,79_73_74_142,A_M_A_A,-0.99,
2G2U_AB,A,D,79,E,-4.397,
2G2U_AB,A,D,79,K,-0.563,
2G2U_AB,B,E,31,A,0.651,
2G2U_AB,B,E,73,A,-1.978,
2G2U_AB,B_B,E_Y,73_143,A_A,-1.835,
2G2U_AB,B_B,E_Y,73_50,A_A,-2.451,
2G2U_AB,B,E,73,M,-3.004,
2G2U_AB,B_B,E_F,73_142,M_A,0.323,
2G2U_AB,B_B_B,E_F_Y,73_142_143,M_W_F,-1.108,
2G2U_AB,B_B,E_K,73_74,M_A,0.474,
2G2U_AB,B_B_B,E_K_F,73_74_142,M_A_A,1.487,
2G2U_AB,B_B,E_Y,73_143,M_F,-1.592,
2G2U_AB,B,F,142,A,0.276,
2G2U_AB,B,F,36,A,2.763,
2G2U_AB,B,G,141,A,-0.414,
2G2U_AB,B,G,48,A,-0.426,
2G2U_AB,B,H,148,A,1.118,
2G2U_AB,B,H,41,A,1.716,
2G2U_AB,B,K,74,A,-0.217,
2G2U_AB,B,R,144,A,-0.342,
2G2U_AB,B,R,160,A,0.669,
2G2U_AB,B,S,113,A,-0.612,
2G2U_AB,B,S,35,A,-0.95,
2G2U_AB,B,S,39,A,-0.956,
2G2U_AB,B,S,71,A,-0.512,
2G2U_AB,B,W,112,A,0.958,
2G2U_AB,B_B,W_Y,112_143,A_A,-0.409,
2G2U_AB,B,W,150,A,1.784,
2G2U_AB,B_B,W_Y,150_143,A_A,0.989,
2G2U_AB,B,W,162,A,0.531,
2G2U_AB,B,Y,143,A,-1.846,
2G2U_AB,B,Y,50,A,-2.075,
2G2U_AB,B_B,Y_Y,50_143,A_A,-2.075,
2G2U_AB,B,Y,51,A,-0.628,
2G2U_AB,B,Y,53,A,2.301,
2G2W_AB,A,K,79,D,0.453,
2GOX_AB,B,N,38,A,1.451,
2GOX_AB,B,R,31,A,1.883,
2HLE_AB,A,K,141,Q,-0.41,
2HLE_AB,A,L,87,R,2.286,
2J0T_AD,D,C,70,S,4.408,
2J0T_AD,D,M,66,A,1.68,
2J0T_AD,D,S,68,A,2.105,
2J0T_AD,D,S,68,E,2.184,
2J0T_AD,D,S,68,R,2.835,
2J0T_AD,D,S,68,Y,2.977,
2J0T_AD,D,T,2,A,4.388,
2J0T_AD,D,T,2,L,2.681,
2J0T_AD,D_D,T_V,2_4,L_S,3.469,
2J0T_AD,D,T,2,R,5.043,
2J0T_AD,D,T,2,S,1.594,
2J0T_AD,D_D,T_V,2_4,S_A,1.25,
2J0T_AD,D_D_D,T_V_S,2_4_68,S_A_Y,2.146,
2J0T_AD,D,V,4,A,0,
2J0T_AD,D,V,4,I,1.642,
2J0T_AD,D,V,4,K,1.824,
2J0T_AD,D,V,4,S,0.982,
2J0T_AD,D,V,69,I,0.809,
2J0T_AD,D,V,69,T,1.318,
2J1K_CT,C,G,10,D,0.184,
2J1K_CT,C,R,24,A,0.764,
2NOJ_AB,B_B,R_N,24_31,A_A,0.748,
2NU0_EI,I,W,13,L,-1.839,
2NU1_EI,I,H,13,L,-1.69,
2NU2_EI,I,R,13,L,-3.32,
2NU4_EI,I,K,13,L,-3.138,
2PCB_AB,A,D,34,N,0.821,
2PCB_AB,A,E,290,N,0.871,
2PCB_AB,A,E,32,Q,0.605,
2PCB_AB,A,E,35,Q,0.676,
2PCC_AB,B,A,86,G,1.901,
2PCC_AB,B_A,A_D,86_34,G_A,-0.098,
2PCC_AB,B_A,A_V,86_197,G_A,2.102,
2PCC_AB,A,D,34,A,-0.897,
2PCC_AB,A,E,290,A,6.199,
2PCC_AB,B,K,77,A,0.304,
2PCC_AB,B_A,K_E,77_290,A_A,1.102,
2PCC_AB,B_A,K_V,77_197,A_A,2.8,
2PCC_AB,B,K,92,A,0.901,
2PCC_AB,B_A,K_D,92_34,A_A,0.203,
2PCC_AB,B_A,K_V,92_197,A_A,1.501,
2PCC_AB,A,V,197,A,2.102,
2REX_AB,A,L,70,Y,0.557,
2REX_AB,B,Y,97,F,0,
2SGP_EI,I,P,13,L,-8.328,
2SGQ_EI,I,Q,13,L,-2.567,
2SIC_EI,I,M,67,A,0.218,
2SIC_EI,I,M,67,D,0.751,
2SIC_EI,I,M,67,E,0.796,
2SIC_EI,I,M,67,G,0.145,
2SIC_EI,I,M,67,H,0.218,
2SIC_EI,I,M,67,I,1.604,
2SIC_EI,I,M,67,K,0,
2SIC_EI,I,M,67,L,-0.24,
2SIC_EI,I,M,67,R,0,
2SIC_EI,I,M,67,V,0.713,
2VLN_AB,B,A,75,N,-2.334,
2VLQ_AB,B,A,86,F,-3.879,
2VN5_AB,B_B,A_L,14_15,S_T,1.318,
2WPT_AB,A,D,30,A,-0.776,
2WPT_AB,A_B,D_F,30_79,A_A,-0.165,
2WPT_AB,A,D,30,L,-3.402,
2WPT_AB,A_A_A,D_N_R,30_31_35,L_V_T,-6.333,
2WPT_AB,A,D,48,A,5.214,
2WPT_AB,A,E,27,A,1.733,
2WPT_AB,A,E,38,A,4.501,
2WPT_AB,B,F,79,A,1.594,
2WPT_AB,B_A,F_D,79_30,A_A,-0.132,
2WPT_AB,B_A,F_N,79_31,A_A,1.352,
2WPT_AB,B_A,F_V,79_34,A_A,3.111,
2WPT_AB,B,K,90,A,0.649,
2WPT_AB,A,N,31,A,-0.259,
2WPT_AB,A,N,31,V,-0.897,
2WPT_AB,A_A,N_R,31_35,V_T,-2.587,
2WPT_AB,B,N,65,A,0.701,
2WPT_AB,B,N,68,A,1.251,
2WPT_AB,A,P,53,A,2.926,
2WPT_AB,B,Q,85,A,0.384,
2WPT_AB,A,R,35,A,-1.11,
2WPT_AB,A,R,35,T,-1.038,
2WPT_AB,B,R,47,A,0.872,
2WPT_AB,A,S,47,A,2.424,
2WPT_AB,B,S,67,A,-0.134,
2WPT_AB,B,S,70,A,-0.457,
2WPT_AB,B,S,71,A,-0.095,
2WPT_AB,B,S,77,A,-0.074,
2WPT_AB,B_A,S_N,77_31,A_A,-0.437,
2WPT_AB,B,T,80,A,0.377,
2WPT_AB,A,V,34,A,3.807,
2WPT_AB,A,Y,51,A,5.214,
2WPT_AB,A,Y,52,A,5.214,
3BK3_AC,C,A,37,R,1.382,
3BK3_AC,C,I,19,A,0.486,
3BK3_AC,C,I,19,R,0.424,
3BK3_AC,C,I,22,A,1.307,
3BK3_AC,C,I,22,R,2.12,
3BK3_AC,C,I,28,A,1.261,
3BK3_AC,C,I,28,R,1.175,
3BK3_AC,C,I,3,A,1.038,
3BK3_AC,C,I,3,R,0.651,
3BK3_AC,C,L,2,A,0,
3BK3_AC,C,L,2,R,0.026,
3BK3_AC,C,T,4,P,0.486,
3BK3_AC,C,T,6,P,1.742,
3BP8_AC,C,A,51,F,0.615,
3BP8_AC,A,F,115,A,0.709,
3BP8_AC,A_C,F_A,115_51,A_F,-0.774,
3BT1_AU,U,A,253,S,0.201,
3BT1_AU,U,D,11,A,-0.026,
3BT1_AU,U,D,138,A,1.274,
3BT1_AU,U,D,139,A,1.03,
3BT1_AU,U,D,252,A,0.06,
3BT1_AU,U,E,33,A,0.371,
3BT1_AU,U,E,36,A,0.093,
3BT1_AU,U,E,42,A,-0.193,
3BT1_AU,U,E,68,A,0.049,
3BT1_AU,U,G,10,A,0.261,
3BT1_AU,U,H,164,A,1.011,
3BT1_AU,U,K,137,A,0.641,
3BT1_AU,U,K,50,A,0.631,
3BT1_AU,U,K,62,A,0.41,
3BT1_AU,U,L,142,A,0.711,
3BT1_AU,U,L,148,A,1.634,
3BT1_AU,U,L,166,A,0.733,
3BT1_AU,U,L,31,A,0.307,
3BT1_AU,U,L,38,A,0.513,
3BT1_AU,U,L,40,A,0.856,
3BT1_AU,U,L,55,A,1.092,
3BT1_AU,U,L,66,A,1.353,
3BT1_AU,U,N,9,A,0.3,
3BT1_AU,U,P,136,A,0.329,
3BT1_AU,U,P,149,A,0.587,
3BT1_AU,U,R,25,A,0.999,
3BT1_AU,U,R,53,A,0.873,
3BT1_AU,U,S,99,A,0.292,
3BT1_AU,U,T,125,A,0.986,
3BT1_AU,U,T,27,A,0.895,
3BT1_AU,U,T,54,A,0.384,
3BT1_AU,U,T,64,A,0.648,
3BT1_AU,U,T,67,A,0.183,
3BT1_AU,U,T,8,A,0.174,
3BT1_AU,U,V,124,A,0.733,
3BT1_AU,U,V,29,A,0.704,
3BT1_AU,U,Y,57,A,1.18,
3BX1_AC,C,A,86,T,1.836,
3BX1_AC,C,F,84,V,0.41,
3BX1_AC,C,R,85,G,0.355,
3BX1_AC,C,T,88,V,2.837,
3BX1_AC,C,T,89,A,0.17,
3BX1_AC,C,Y,87,A,1.298,
3BX1_AC,C,Y,87,I,1.781,
3D5R_AC,C,A,38,N,-1.451,
3D5S_AC,C,A,31,R,-1.883,
3F1S_AB,A,D,200,A,0.554,
3F1S_AB,A,D,255,A,3.759,
3F1S_AB,A,D,36,A,2.184,
3F1S_AB,A,K,201,A,-2.079,
3F1S_AB,A,K,201,C,-1.694,
3F1S_AB,A,M,33,A,1.238,
3F1S_AB,A,Y,202,A,2.995,
3KBH_AE,E,S,54,A,1.856,
3KBH_AE,E,S,54,T,2.489,
3KBH_AE,A,Y,23,A,1.812,
3KBH_AE,A,Y,23,F,1.615,
3KBH_AE,E,Y,17,A,0.1,
3LB6_AC,A,F,103,A,5.115,
3LB6_AC,A,I,10,A,3.721,
3LB6_AC,A,K,100,A,5.812,
3LB6_AC,A,K,101,A,2.544,
3M62_AB,A,D,46,A,2.799,
3M62_AB,A,E,32,A,0.829,
3M62_AB,A,E,55,A,1.051,
3M62_AB,B,F,7,A,0.995,
3M62_AB,A,G,102,A,1.264,
3M62_AB,A,I,110,A,1.853,
3M62_AB,B,I,43,A,2.882,
3M62_AB,A,L,50,A,2.828,
3M62_AB,B,M,69,A,0.681,
3M62_AB,B,Q,50,A,1.054,
3M62_AB,B,Q,65,A,0.284,
3M62_AB,A,R,98,A,0.788,
3M62_AB,B,S,45,A,1.278,
3M62_AB,A,T,54,A,0.017,
3M62_AB,B,V,48,A,1.09,
3M62_AB,B,V,67,A,1.138,
3M62_AB,A,Y,103,A,4.475,
3M63_AB,A,D,46,A,2.233,
3M63_AB,A,E,55,A,0.346,
3M63_AB,A,F,113,A,1.791,
3M63_AB,A,G,102,A,0.125,
3M63_AB,A,I,110,A,1.089,
3M63_AB,A,L,50,A,0.576,
3M63_AB,A,R,98,A,-0.185,
3M63_AB,A,T,54,A,0.311,
3M63_AB,A,V,106,A,1.838,
3M63_AB,A,Y,103,A,3.649,
3MZG_AB,A,H,14,A,-0.019,
3MZG_AB,A,H,167,A,1.487,
3MZG_AB,A_B,H_H,167_188,A_A,2.653,
3MZG_AB,A,H,17,A,0.062,
3MZG_AB,B,H,188,A,1.776,
3N06_AB,A,A,14,H,0.019,
3NCB_AB,A,A,167,H,-1.487,
3NCC_AB,B,A,188,H,-1.776,
3NVN_BA,A,R,193,E,2.527,
3NVN_BA,B,R,186,S,1.289,
3NVQ_BA,A,R,157,E,1.571,
3NVQ_BA,A,R,159,E,1.586,
3Q3J_AB,B,Y,100,F,0.211,
3QHY_AB,B,D,127,A,0.38,
3QHY_AB,B,D,12,A,2.254,
3QHY_AB,B,D,130,A,0.961,
3QHY_AB,B,D,166,A,3.496,
3QHY_AB,B,D,91,A,1.888,
3QHY_AB,B,E,228,A,3.011,
3QHY_AB,B,F,169,A,2.061,
3QHY_AB,B,F,190,A,3.074,
3QHY_AB,B,F,34,A,3.982,
3QHY_AB,B,I,189,A,3.066,
3QHY_AB,B,L,51,A,0.816,
3QHY_AB,B,N,10,A,2.254,
3QHY_AB,B,N,264,A,2.695,
3QHY_AB,B,N,72,A,1.605,
3QHY_AB,B,R,246,A,0.535,
3QHY_AB,B,W,112,A,3.788,
3QHY_AB,B,W,13,A,2.862,
3QHY_AB,B,W,229,A,5.43,
3QHY_AB,B,Y,151,A,3.422,
3QHY_AB,B,Y,168,A,1.743,
3QHY_AB,B,Y,208,A,0.24,
3QHY_AB,B,Y,33,A,2.902,
3QHY_AB,B,Y,73,A,0.801,
3RF3_AC,C,A,8,K,1.728,
3S9D_AB,A,A,116,G,2.118,
3S9D_AB,A,A,116,M,1.073,
3S9D_AB,A,A,12,W,-0.181,
3S9D_AB,B,A,67,M,-0.168,
3S9D_AB,A,D,28,A,0.301,
3S9D_AB,B,E,39,A,0.206,
3S9D_AB,B,E,39,R,0.651,
3S9D_AB,B,E,66,A,2.414,
3S9D_AB,B_A,E_A,66_116,A_G,5.039,
3S9D_AB,B_A,E_L,66_124,A_A,3.768,
3S9D_AB,B_A,E_L,66_23,A_A,6.055,
3S9D_AB,B_A,E_L,66_8,A_A,4.09,
3S9D_AB,B_A,E_M,66_119,A_A,4.978,
3S9D_AB,B_A,E_R,66_120,A_A,3.631,
3S9D_AB,B_A,E_S,66_123,A_A,3.542,
3S9D_AB,A,F,20,A,0.71,
3S9D_AB,A,H,27,A,0.541,
3S9D_AB,B,H,166,A,0,
3S9D_AB,B,H,65,A,0.823,
3S9D_AB,B_A,H_L,65_124,A_A,2.938,
3S9D_AB,B_A,H_L,65_19,A_A,3.055,
3S9D_AB,B_A,H_L,65_8,A_A,4.015,
3S9D_AB,B_A,H_R,65_120,A_A,3.844,
3S9D_AB,B_A,H_R,65_5,A_A,2.213,
3S9D_AB,B_A,H_S,65_123,A_A,1.135,
3S9D_AB,B,I,34,A,1.852,
3S9D_AB,B_A,I_A,34_116,A_G,4.472,
3S9D_AB,B_A,I_L,34_124,A_A,3.56,
3S9D_AB,B_A,I_M,34_119,A_A,4.233,
3S9D_AB,B_A,I_R,34_120,A_A,4.999,
3S9D_AB,B_A,I_S,34_123,A_A,3.005,
3S9D_AB,B,I,90,A,1.617,
3S9D_AB,B_A,I_F,90_20,A_A,2.815,
3S9D_AB,B_A,I_L,90_124,A_A,3.345,
3S9D_AB,B_A,I_L,90_19,A_A,3.034,
3S9D_AB,B_A,I_L,90_23,A_A,5.447,
3S9D_AB,B_A,I_L,90_8,A_A,3.739,
3S9D_AB,B_A,I_M,90_119,A_A,4.033,
3S9D_AB,B_A,I_R,90_120,A_A,4.906,
3S9D_AB,B_A,I_S,90_123,A_A,3.255,
3S9D_AB,B,K,37,A,0.504,
3S9D_AB,A,L,124,A,1.447,
3S9D_AB,A,L,19,A,1.105,
3S9D_AB,A,L,23,A,3.808,
3S9D_AB,A,L,23,V,2.436,
3S9D_AB,A,L,8,A,1.536,
3S9D_AB,A,M,119,A,2.253,
3S9D_AB,A,M,9,A,0.062,
3S9D_AB,B,M,35,A,2.998,
3S9D_AB,B,M,35,V,2.374,
3S9D_AB,B_A,M_A,35_116,V_G,5.298,
3S9D_AB,B_A,M_L,35_124,V_A,4.531,
3S9D_AB,B_A,M_L,35_19,V_A,4.315,
3S9D_AB,B_A,M_L,35_23,V_A,7.11,
3S9D_AB,B_A,M_L,35_8,V_A,4.425,
3S9D_AB,B_A,M_M,35_119,V_A,5.454,
3S9D_AB,B_A,M_R,35_120,V_A,6.064,
3S9D_AB,B_A,M_S,35_123,V_A,4.078,
3S9D_AB,A,N,127,A,-0.043,
3S9D_AB,B,N,85,A,-0.171,
3S9D_AB,A,R,120,A,3.021,
3S9D_AB,A_B,R_E,120_66,A_A,3.601,
3S9D_AB,A,R,15,A,0.195,
3S9D_AB,A,R,26,A,5.123,
3S9D_AB,A,R,26,K,4.586,
3S9D_AB,A,R,26,Q,6.079,
3S9D_AB,A,R,5,A,0.622,
3S9D_AB,A,S,123,A,1.122,
3S9D_AB,A,S,18,A,-0.099,
3S9D_AB,B,S,36,A,0.505,
3S9D_AB,B,T,33,A,1.73,
3S9D_AB,B_A,T_A,33_116,A_G,4.349,
3S9D_AB,B_A,T_F,33_20,A_A,3.02,
3S9D_AB,B_A,T_L,33_124,A_A,3.311,
3S9D_AB,B_A,T_L,33_19,A_A,3.393,
3S9D_AB,B_A,T_L,33_23,A_A,5.958,
3S9D_AB,B_A,T_L,33_8,A_A,3.577,
3S9D_AB,B_A,T_M,33_119,A_A,4.462,
3S9D_AB,B_A,T_R,33_120,A_A,5.266,
3S9D_AB,B_A,T_S,33_123,A_A,3.062,
3S9D_AB,B,V,69,A,2.317,
3S9D_AB,B,W,87,A,1.112,
3S9D_AB,B_A,W_L,87_124,A_A,2.943,
3S9D_AB,B_A,W_L,87_8,A_A,3.075,
3S9D_AB,B_A,W_M,87_119,A_A,3.844,
3S9D_AB,B_A,W_R,87_5,A_A,2.34,
3S9D_AB,B_A,W_S,87_123,A_A,2.75,
3SGB_EI,I,A,9,C,0.041,
3SGB_EI,I,A,9,D,0.47,
3SGB_EI,I_I,A_G,9_26,D_A,1.066,
3SGB_EI,I_I_I,A_G_N,9_26_27,D_A_S,2.153,
3SGB_EI,I_I,A_L,9_12,D_A,2.583,
3SGB_EI,I_I_I,A_L_Y,9_12_14,D_A_D,5.688,
3SGB_EI,I,A,9,E,0.662,
3SGB_EI,I,A,9,F,-1.164,
3SGB_EI,I,A,9,G,2.452,
3SGB_EI,I,A,9,H,-0.447,
3SGB_EI,I,A,9,I,-0.447,
3SGB_EI,I,A,9,K,2.457,
3SGB_EI,I,A,9,L,0.166,
3SGB_EI,I,A,9,M,0.088,
3SGB_EI,I,A,9,N,-0.088,
3SGB_EI,I,A,9,P,0.545,
3SGB_EI,I,A,9,Q,0.424,
3SGB_EI,I,A,9,R,2.007,
3SGB_EI,I_I,A_L,9_12,R_R,5.077,
3SGB_EI,I_I_I,A_T_L,9_11_12,R_K_R,6.686,
3SGB_EI,I_I_I_I,A_T_L_E,9_11_12_13,R_K_R_S,7.095,
3SGB_EI,I_I_I_I,A_T_L_R,9_11_12_15,R_K_R_L,6.885,
3SGB_EI,I_I_I,A_T_L,9_11_12,R_P_R,8.449,
3SGB_EI,I,A,9,S,0.898,
3SGB_EI,I,A,9,T,0.326,
3SGB_EI,I_I,A_L,9_12,T_M,0.47,
3SGB_EI,I,A,9,V,-0.712,
3SGB_EI,I_I,A_T,9_11,V_S,1.585,
3SGB_EI,I,A,9,W,-1.532,
3SGB_EI,I,A,9,Y,-1.624,
3SGB_EI,I,E,13,A,1.005,
3SGB_EI,I,E,13,C,1.158,
3SGB_EI,I,E,13,D,0.545,
3SGB_EI,I,E,13,F,1.917,
3SGB_EI,I,E,13,G,2.076,
3SGB_EI,I,E,13,H,0.519,
3SGB_EI,I,E,13,I,-0.615,
3SGB_EI,I,E,13,K,0.166,
3SGB_EI,I,E,13,L,0.768,
3SGB_EI,I,E,13,M,-0.187,
3SGB_EI,I,E,13,N,1.087,
3SGB_EI,I,E,13,P,2.243,
3SGB_EI,I,E,13,Q,0.181,
3SGB_EI,I,E,13,R,1.257,
3SGB_EI,I,E,13,S,1.917,
3SGB_EI,I,E,13,T,2.114,
3SGB_EI,I,E,13,V,0.126,
3SGB_EI,I,E,13,W,1.526,
3SGB_EI,I,E,13,Y,0.768,
3SGB_EI,I,G,26,A,1.276,
3SGB_EI,I,G,26,C,2.575,
3SGB_EI,I,G,26,D,1.602,
3SGB_EI,I,G,26,E,1.945,
3SGB_EI,I,G,26,F,2.98,
3SGB_EI,I,G,26,H,2.7,
3SGB_EI,I,G,26,I,4.036,
3SGB_EI,I,G,26,K,2.49,
3SGB_EI,I,G,26,L,2.621,
3SGB_EI,I,G,26,M,2.755,
3SGB_EI,I,G,26,N,2.243,
3SGB_EI,I,G,26,P,1.082,
3SGB_EI,I,G,26,Q,2.915,
3SGB_EI,I,G,26,R,3.459,
3SGB_EI,I,G,26,S,1.585,
3SGB_EI,I,G,26,T,2.992,
3SGB_EI,I,G,26,V,2.788,
3SGB_EI,I,G,26,W,3.858,
3SGB_EI,I,G,26,Y,3.053,
3SGB_EI,I,K,7,A,-2.536,
3SGB_EI,I,K,7,C,-0.577,
3SGB_EI,I,K,7,D,-0.615,
3SGB_EI,I,K,7,E,0.032,
3SGB_EI,I,K,7,F,-0.715,
3SGB_EI,I,K,7,G,-0.715,
3SGB_EI,I,K,7,H,-0.396,
3SGB_EI,I,K,7,I,-1.326,
3SGB_EI,I,K,7,L,-1.792,
3SGB_EI,I,K,7,M,-1.15,
3SGB_EI,I,K,7,N,-0.65,
3SGB_EI,I,K,7,P,0,
3SGB_EI,I,K,7,Q,-0.615,
3SGB_EI,I,K,7,R,-0.683,
3SGB_EI,I_I_I_I,K_A_T_L,7_9_11_12,R_R_K_R,5.515,
3SGB_EI,I_I_I_I_I,K_P_A_T_L,7_8_9_11_12,R_F_R_K_R,5.656,
3SGB_EI,I,K,7,S,-2.552,
3SGB_EI,I_I_I,K_P_A,7_8_9,S_D_Y,-4.094,
3SGB_EI,I_I_I_I_I_I,K_P_A_L_E_R,7_8_9_12_13_15,S_D_Y_G_I_K,0.095,
3SGB_EI,I,K,7,T,-1.922,
3SGB_EI,I_I_I,K_P_A,7_8_9,T_E_Y,-3.817,
3SGB_EI,I_I_I_I_I_I_I,K_P_A_L_R_G_N,7_8_9_12_15_26_30,T_E_Y_G_M_P_V,1.828,
3SGB_EI,I,K,7,V,-0.942,
3SGB_EI,I,K,7,W,-0.013,
3SGB_EI,I,K,7,Y,-0.577,
3SGB_EI,I,L,12,A,2.931,
3SGB_EI,I,L,12,C,-0.013,
3SGB_EI,I,L,12,D,5.59,
3SGB_EI,I,L,12,E,6.089,
3SGB_EI,I,L,12,F,1.355,
3SGB_EI,I,L,12,G,4.934,
3SGB_EI,I,L,12,H,1.69,
3SGB_EI,I,L,12,I,4.419,
3SGB_EI,I_I,L_G,12_26,I_D,5.764,
3SGB_EI,I,L,12,K,3.138,
3SGB_EI,I,L,12,M,0.447,
3SGB_EI,I_I,L_G,12_26,M_D,2.243,
3SGB_EI,I_I,L_Y,12_14,M_Q,3.724,
3SGB_EI,I,L,12,N,3.352,
3SGB_EI,I,L,12,P,8.328,
3SGB_EI,I,L,12,Q,2.51,
3SGB_EI,I,L,12,R,3.32,
3SGB_EI,I,L,12,S,4.1,
3SGB_EI,I,L,12,T,3.16,
3SGB_EI,I,L,12,V,2.992,
3SGB_EI,I,L,12,W,1.839,
3SGB_EI,I,L,12,Y,1.653,
3SGB_EI,I,N,30,A,0.326,
3SGB_EI,I,N,30,C,0.345,
3SGB_EI,I,N,30,D,0.898,
3SGB_EI,I,N,30,E,0.949,
3SGB_EI,I,N,30,F,-0.139,
3SGB_EI,I,N,30,G,0.307,
3SGB_EI,I,N,30,H,-0.123,
3SGB_EI,I,N,30,I,0.195,
3SGB_EI,I,N,30,K,0.571,
3SGB_EI,I,N,30,L,0.73,
3SGB_EI,I,N,30,M,0.139,
3SGB_EI,I,N,30,P,0.571,
3SGB_EI,I,N,30,Q,0.24,
3SGB_EI,I,N,30,R,0.571,
3SGB_EI,I,N,30,S,0.403,
3SGB_EI,I,N,30,T,0.01,
3SGB_EI,I,N,30,V,-0.239,
3SGB_EI,I,N,30,W,0.519,
3SGB_EI,I,N,30,Y,-0.107,
3SGB_EI,I,P,8,A,-0.187,
3SGB_EI,I,P,8,C,-0.323,
3SGB_EI,I,P,8,D,-1.019,
3SGB_EI,I,P,8,E,-0.615,
3SGB_EI,I,P,8,F,-0.34,
3SGB_EI,I,P,8,G,0.053,
3SGB_EI,I,P,8,H,0.274,
3SGB_EI,I,P,8,I,-0.023,
3SGB_EI,I,P,8,K,0.112,
3SGB_EI,I,P,8,L,-0.139,
3SGB_EI,I,P,8,M,-0.494,
3SGB_EI,I,P,8,N,-0.123,
3SGB_EI,I,P,8,Q,-0.312,
3SGB_EI,I,P,8,R,0.307,
3SGB_EI,I,P,8,S,0.065,
3SGB_EI,I_I_I_I,P_A_T_L,8_9_11_12,S_L_K_R,4.906,
3SGB_EI,I_I_I_I,P_A_T_L,8_9_11_12,S_R_P_R,8.102,
3SGB_EI,I,P,8,T,-0.107,
3SGB_EI,I,P,8,V,-0.306,
3SGB_EI,I,P,8,W,-0.494,
3SGB_EI,I,P,8,Y,-0.396,
3SGB_EI,I,R,15,A,0.053,
3SGB_EI,I,R,15,C,0.545,
3SGB_EI,I,R,15,D,0.63,
3SGB_EI,I,R,15,E,0.662,
3SGB_EI,I,R,15,F,0.225,
3SGB_EI,I,R,15,G,1.092,
3SGB_EI,I,R,15,H,0.447,
3SGB_EI,I,R,15,I,0.24,
3SGB_EI,I,R,15,K,-0.274,
3SGB_EI,I,R,15,L,0.225,
3SGB_EI,I,R,15,M,0.126,
3SGB_EI,I,R,15,N,0.326,
3SGB_EI,I,R,15,P,7.578,
3SGB_EI,I,R,15,Q,0.041,
3SGB_EI,I,R,15,S,0.274,
3SGB_EI,I,R,15,T,0.447,
3SGB_EI,I,R,15,V,-0.023,
3SGB_EI,I,R,15,W,0.307,
3SGB_EI,I,R,15,Y,0.29,
3SGB_EI,I,T,11,A,3.363,
3SGB_EI,I,T,11,C,2.886,
3SGB_EI,I,T,11,D,4.887,
3SGB_EI,I,T,11,E,4.564,
3SGB_EI,I,T,11,F,3.589,
3SGB_EI,I,T,11,G,5.507,
3SGB_EI,I,T,11,H,3.459,
3SGB_EI,I,T,11,I,1.729,
3SGB_EI,I,T,11,K,2.007,
3SGB_EI,I_I,T_L,11_12,K_R,5.233,
3SGB_EI,I,T,11,L,2.437,
3SGB_EI,I,T,11,M,2.007,
3SGB_EI,I_I_I,T_L_G,11_12_26,M_S_V,6.814,
3SGB_EI,I,T,11,N,3.209,
3SGB_EI,I,T,11,P,3.138,
3SGB_EI,I_I,T_L,11_12,P_K,6.232,
3SGB_EI,I_I_I,T_L_G,11_12_26,P_K_D,6.452,
3SGB_EI,I,T,11,Q,2.899,
3SGB_EI,I,T,11,R,1.945,
3SGB_EI,I_I,T_L,11_12,R_R,5.475,
3SGB_EI,I,T,11,S,2.468,
3SGB_EI,I,T,11,V,2.228,
3SGB_EI,I,T,11,W,2.992,
3SGB_EI,I,T,11,Y,3.32,
3SGB_EI,I,Y,14,A,1.917,
3SGB_EI,I,Y,14,C,1.672,
3SGB_EI,I,Y,14,D,2.825,
3SGB_EI,I,Y,14,E,2.007,
3SGB_EI,I,Y,14,F,0.166,
3SGB_EI,I,Y,14,G,2.803,
3SGB_EI,I,Y,14,H,1.538,
3SGB_EI,I,Y,14,I,3.542,
3SGB_EI,I,Y,14,K,3.385,
3SGB_EI,I,Y,14,L,1.554,
3SGB_EI,I,Y,14,M,1.975,
3SGB_EI,I,Y,14,N,3.115,
3SGB_EI,I,Y,14,P,6.189,
3SGB_EI,I,Y,14,Q,3.235,
3SGB_EI,I,Y,14,R,2.722,
3SGB_EI,I,Y,14,S,2.007,
3SGB_EI,I,Y,14,T,4.804,
3SGB_EI,I,Y,14,V,4.36,
3SGB_EI,I,Y,14,W,0.383,
3WWN_AB,A,K,225,E,0.175,
3WWN_AB,A,R,221,E,-0.376,
4BFI_AB,B,F,95,A,2.076,
4BFI_AB,B,F,95,D,2.727,
4BFI_AB,B,K,99,E,2.317,
4BFI_AB,B,L,29,K,2.076,
4BFI_AB,B,L,91,A,1.307,
4BFI_AB,B,N,43,A,2.317,
4BFI_AB,B,N,43,D,2.727,
4BFI_AB,B,N,93,K,2.727,
4CPA_AI,I,P,35,G,2.595,
4CPA_AI,I,V,37,A,2.324,
4CPA_AI,I,V,37,F,0,
4CPA_AI,I,V,37,G,3.733,
4CPA_AI,I,V,37,I,0.199,
4CPA_AI,I,V,37,L,1.279,
4CPA_AI,I,Y,36,F,0,
4CPA_AI,I,Y,36,G,0.502,
4CVW_AC,A,D,720,R,3.046,
4CVW_AC,A,D,720,W,1.221,
4CVW_AC,C,L,34,G,2.727,
4CVW_AC,C_C,L_V,34_35,G_D,7.742,
4CVW_AC,C,L,34,W,0.335,
4CVW_AC,C,R,27,A,1.828,
4CVW_AC,C,R,31,A,2.076,
4CVW_AC,C,R,31,W,1.49,
4CVW_AC,C,V,35,D,4.918,
4FZA_AB,B,E,122,A,0.425,
4FZA_AB,A,F,168,E,0.543,
4FZA_AB,A,R,217,A,1.027,
4FZA_AB,A,Y,213,A,1.27,
4GU0_AE,E_E_E,L_T_R,20_22_26,A_A_A,0.894,
4HRN_AD,D,F,47,A,2.459,
4HRN_AD,D,L,17,A,2.597,
4HRN_AD,D,S,43,A,0.803,
4HRN_AD,D,V,44,A,2.811,
4L0P_AB,A,E,27,K,2.665,
4L0P_AB,A,T,76,Q,1.471,
4NZW_AB,B,E,124,A,0.357,
4NZW_AB,B,E,49,A,0.325,
4NZW_AB,A,K,77,A,0.076,
4O27_AB,B,E,42,A,0.371,
4O27_AB,A,Y,215,A,1.195,
4OFY_AD,A,D,38,A,0.549,
4OFY_AD,A,E,88,A,0.282,
4OFY_AD,A,F,40,A,4.602,
4OFY_AD,D,L,42,A,2.567,
4OFY_AD,A,M,36,A,0.084,
4OFY_AD,A,Q,34,A,1.176,
4OFY_AD,A_A,Q_F,34_40,A_A,4.139,
4OFY_AD,A_A_A_A,Q_M_F_S,34_36_40_87,A_A_A_A,4.459,
4OFY_AD,A,Q,85,A,1.732,
4OFY_AD,D,Q,34,A,2.869,
4OFY_AD,D,Q,86,A,4.643,
4OFY_AD,D,R,96,A,3.419,
4OFY_AD,A,S,87,A,0.142,
4Y61_AB,B_B,F_H,219_222,A_A,0.289,
4Y61_AB,B,R,86,A,-0.193,
4Y61_AB,A,Y,246,A,-0.078,
4YFD_AB,B,D,7,A,-0.055,
4YFD_AB,A,E,259,A,1.216,
4YFD_AB,B,K,71,A,1.474,
4YFD_AB,A,R,169,A,0.159,
4YFD_AB,B,W,4,A,1.132,
4YH7_AB,B,D,7,A,1.642,
4YH7_AB,A,R,169,A,1.438,
4YH7_AB,A,Y,246,A,1.034,
5E6P_AB,A,A,494,E,1.099,
5E6P_AB,A,A,495,E,1.577,
5E6P_AB,B,I,22,A,0.274,
5E6P_AB,B,L,24,A,0.913,
5E6P_AB,B,R,42,A,0.677,
5E6P_AB,B,R,42,E,1.744,
5E6P_AB,A,Y,468,A,0.358,
5K39_AB,B,F,142,A,2.898,
5K39_AB,B,I,148,A,2.19,
5K39_AB,B,M,108,A,-0.51,
5K39_AB,B,M,112,A,-0.249,
5M2O_AB,A,E,80,A,0.723,
5M2O_AB,A_A,E_H,80_117,A_A,2.614,
5M2O_AB,A_A,E_N,80_120,A_A,1.251,
5M2O_AB,A,H,117,A,0.912,
5M2O_AB,A_A,H_N,117_120,A_A,2.416,
5M2O_AB,B,I,17,A,2.093,
5M2O_AB,A,K,73,A,-0.782,
5M2O_AB,B,K,32,A,1.099,
5M2O_AB,A,L,75,A,1.681,
5M2O_AB,B,L,65,A,0.879,
5M2O_AB,A,N,120,A,0.465,
5M2O_AB,A,N,64,A,0.043,
5M2O_AB,A,N,71,A,0.16,
5M2O_AB,A_A,N_E,71_80,A_A,1.063,
5M2O_AB,A_A,N_H,71_117,A_A,2.362,
5M2O_AB,A_A,N_N,71_120,A_A,2.541,
5M2O_AB,B,Q,25,A,1.183,
5M2O_AB,B,Q,61,A,-0.163,
5M2O_AB,B,S,18,A,0.049,
5M2O_AB,B,V,21,A,2.525,
5M2O_AB,B_B,V_Q,21_25,A_A,3.427,
