pdb,chain,wild,residue_id,mutant,ddG
T56,G,E,20,A,-0.903
T56,G,E,20,C,-3.291
T56,G,E,20,D,-0.98
T56,G,E,20,F,-6.039
T56,G,E,20,G,-1.731
T56,G,E,20,H,-1.763
T56,G,E,20,I,-3.268
T56,G,E,20,K,-2.081
T56,G,E,20,L,-1.115
T56,G,E,20,M,-0.815
T56,G,E,20,N,-1.425
T56,G,E,20,P,-5.305
T56,G,E,20,Q,0.735
T56,G,E,20,R,-1.289
T56,G,E,20,S,1.376
T56,G,E,20,T,-1.519
T56,G,E,20,V,-2.187
T56,G,E,20,W,-2.096
T56,G,E,20,Y,-4.147
T56,G,S,14,A,3.332
T56,G,S,14,C,-2.934
T56,G,S,14,D,-6.673
T56,G,S,14,E,-4.407
T56,G,S,14,F,-1.278
T56,G,S,14,G,3.089
T56,G,S,14,H,-3.244
T56,G,S,14,I,3.385
T56,G,S,14,K,4.105
T56,G,S,14,L,-1.572
T56,G,S,14,M,-0.454
T56,G,S,14,N,-1.109
T56,G,S,14,P,-0.481
T56,G,S,14,Q,-1.552
T56,G,S,14,R,4.669
T56,G,S,14,T,2.365
T56,G,S,14,V,3.781
T56,G,S,14,W,-3.209
T56,G,S,14,Y,-2.842
T56,G,A,18,C,-7.432
T56,G,A,18,D,-1.177
T56,G,A,18,E,-4.987
T56,G,A,18,F,-4.965
T56,G,A,18,G,-3.106
T56,G,A,18,H,-8.537
T56,G,A,18,I,-6.721
T56,G,A,18,K,4.535
T56,G,A,18,L,-4.917
T56,G,A,18,M,-2.114
T56,G,A,18,N,-1.5
T56,G,A,18,P,-3.009
T56,G,A,18,Q,-2.201
T56,G,A,18,R,1.657
T56,G,A,18,S,-4.842
T56,G,A,18,T,-2.677
T56,G,A,18,V,-2.178
T56,G,A,18,W,-4.534
T56,G,A,18,Y,-7.443
T56,G,N,27,A,-3.148
T56,G,N,27,C,-8.175
T56,G,N,27,D,-1.901
T56,G,N,27,E,-3.986
T56,G,N,27,F,-3.023
T56,G,N,27,G,-3.199
T56,G,N,27,H,-0.177
T56,G,N,27,I,-1.629
T56,G,N,27,K,0.013
T56,G,N,27,L,-1.942
T56,G,N,27,M,-4.06
T56,G,N,27,P,-1.661
T56,G,N,27,Q,-1.502
T56,G,N,27,R,1.835
T56,G,N,27,S,-1.003
T56,G,N,27,T,-0.334
T56,G,N,27,V,-2.78
T56,G,N,27,W,-2.315
T56,G,N,27,Y,-1.643
T56,G,K,36,A,-2.233
T56,G,K,36,C,-9.063
T56,G,K,36,D,-1.943
T56,G,K,36,E,-1.863
T56,G,K,36,F,-6.788
T56,G,K,36,G,-7.833
T56,G,K,36,H,-8.631
T56,G,K,36,I,-3.194
T56,G,K,36,L,-1.935
T56,G,K,36,M,-3.274
T56,G,K,36,N,-2.281
T56,G,K,36,P,-9.369
T56,G,K,36,Q,-4.332
T56,G,K,36,R,0.22
T56,G,K,36,S,-3.384
T56,G,K,36,T,-5.875
T56,G,K,36,V,-0.362
T56,G,K,36,W,-8.867
T56,G,K,36,Y,-9.007
T56,G,Q,39,A,0.033
T56,G,Q,39,C,-6.071
T56,G,Q,39,D,-3.77
T56,G,Q,39,E,-2.215
T56,G,Q,39,F,3.645
T56,G,Q,39,G,-0.745
T56,G,Q,39,H,-1.769
T56,G,Q,39,I,-1.519
T56,G,Q,39,K,-0.047
T56,G,Q,39,L,-0.571
T56,G,Q,39,M,1.132
T56,G,Q,39,N,-1.327
T56,G,Q,39,P,-4.214
T56,G,Q,39,R,3.943
T56,G,Q,39,S,-0.204
T56,G,Q,39,T,-2.545
T56,G,Q,39,V,-1.847
T56,G,Q,39,W,-1.505
T56,G,Q,39,Y,4.157
T56,G,Y,40,A,-4.425
T56,G,Y,40,C,-2.771
T56,G,Y,40,D,-0.321
T56,G,Y,40,E,-6.051
T56,G,Y,40,F,-2.459
T56,G,Y,40,G,-5.42
T56,G,Y,40,H,-2.547
T56,G,Y,40,I,-4.101
T56,G,Y,40,K,-5.856
T56,G,Y,40,L,-3.016
T56,G,Y,40,M,-2.094
T56,G,Y,40,N,-2.205
T56,G,Y,40,P,-4.31
T56,G,Y,40,Q,-7.172
T56,G,Y,40,R,-4.787
T56,G,Y,40,S,-2.026
T56,G,Y,40,T,-4.383
T56,G,Y,40,V,-4.329
T56,G,Y,40,W,-5.81
T56,G,S,42,A,0.381
T56,G,S,42,C,-1.989
T56,G,S,42,D,-7.182
T56,G,S,42,E,-6.816
T56,G,S,42,F,-2.218
T56,G,S,42,G,-0.003
T56,G,S,42,H,0.354
T56,G,S,42,I,-2.389
T56,G,S,42,K,4.36
T56,G,S,42,L,-2.261
T56,G,S,42,M,0.093
T56,G,S,42,N,-0.049
T56,G,S,42,P,-1.071
T56,G,S,42,Q,-1.624
T56,G,S,42,R,4.766
T56,G,S,42,T,-0.248
T56,G,S,42,V,-2.978
T56,G,S,42,W,-1.567
T56,G,S,42,Y,-0.7
