pdb,chain,wild,residue_id,mutant,binding affinity
7kmb,G,R,403,A,-1.06
7kmb,G,R,403,C,-1.51
7kmb,G,R,403,D,-2.21
7kmb,G,R,403,E,-2.11
7kmb,G,R,403,F,-3.49
7kmb,G,R,403,G,-1.7
7kmb,G,R,403,H,-2.19
7kmb,G,R,403,I,-1.73
7kmb,G,R,403,K,-0.06
7kmb,G,R,403,L,-1.4
7kmb,G,R,403,M,-0.55
7kmb,G,R,403,N,-1.47
7kmb,G,R,403,P,-1.25
7kmb,G,R,403,Q,-0.72
7kmb,G,R,403,R,0
7kmb,G,R,403,S,-0.84
7kmb,G,R,403,T,-0.69
7kmb,G,R,403,V,-2.03
7kmb,G,R,403,W,-2.82
7kmb,G,R,403,Y,-2.34
7kmb,G,K,417,A,-0.35
7kmb,G,K,417,C,-0.42
7kmb,G,K,417,D,-1.04
7kmb,G,K,417,E,-0.75
7kmb,G,K,417,F,-0.13
7kmb,G,K,417,G,-0.51
7kmb,G,K,417,H,-0.17
7kmb,G,K,417,I,-0.34
7kmb,G,K,417,K,0
7kmb,G,K,417,L,-0.31
7kmb,G,K,417,M,-0.39
7kmb,G,K,417,N,-0.45
7kmb,G,K,417,P,-0.35
7kmb,G,K,417,Q,-0.62
7kmb,G,K,417,R,-0.17
7kmb,G,K,417,S,-0.46
7kmb,G,K,417,T,-0.26
7kmb,G,K,417,V,-0.32
7kmb,G,K,417,W,-0.31
7kmb,G,K,417,Y,-0.08
7kmb,G,G,446,A,-0.26
7kmb,G,G,446,C,-0.97
7kmb,G,G,446,D,-0.2
7kmb,G,G,446,E,-0.12
7kmb,G,G,446,F,-0.31
7kmb,G,G,446,G,0
7kmb,G,G,446,H,-0.28
7kmb,G,G,446,I,-0.26
7kmb,G,G,446,K,-0.09
7kmb,G,G,446,L,-0.28
7kmb,G,G,446,M,-0.23
7kmb,G,G,446,N,-0.11
7kmb,G,G,446,P,-0.26
7kmb,G,G,446,Q,-0.17
7kmb,G,G,446,R,-0.16
7kmb,G,G,446,S,-0.2
7kmb,G,G,446,T,-0.19
7kmb,G,G,446,V,-0.27
7kmb,G,G,446,W,-0.2
7kmb,G,G,446,Y,-0.34
7kmb,G,Y,449,A,-1.3
7kmb,G,Y,449,C,-1.73
7kmb,G,Y,449,D,-1.55
7kmb,G,Y,449,E,-1.57
7kmb,G,Y,449,F,-1.08
7kmb,G,Y,449,G,-1.28
7kmb,G,Y,449,H,-1.22
7kmb,G,Y,449,I,-1.44
7kmb,G,Y,449,K,-0.98
7kmb,G,Y,449,L,-1.51
7kmb,G,Y,449,M,-1.37
7kmb,G,Y,449,N,-1.22
7kmb,G,Y,449,P,-1.41
7kmb,G,Y,449,Q,-1.22
7kmb,G,Y,449,R,-0.69
7kmb,G,Y,449,S,-1.25
7kmb,G,Y,449,T,-1.16
7kmb,G,Y,449,V,-1.36
7kmb,G,Y,449,W,-1.43
7kmb,G,Y,449,Y,0
7kmb,G,Y,453,A,-0.27
7kmb,G,Y,453,C,-0.26
7kmb,G,Y,453,D,-3.49
7kmb,G,Y,453,E,-1.18
7kmb,G,Y,453,F,0.25
7kmb,G,Y,453,G,-0.92
7kmb,G,Y,453,H,-0.07
7kmb,G,Y,453,I,-0.53
7kmb,G,Y,453,K,0.08
7kmb,G,Y,453,L,-0.17
7kmb,G,Y,453,M,-0.05
7kmb,G,Y,453,N,-0.82
7kmb,G,Y,453,P,-4.8
7kmb,G,Y,453,Q,-0.37
7kmb,G,Y,453,R,-0.3
7kmb,G,Y,453,S,-0.21
7kmb,G,Y,453,T,-0.55
7kmb,G,Y,453,V,-0.11
7kmb,G,Y,453,W,-0.16
7kmb,G,Y,453,Y,0
7kmb,G,L,455,A,-0.47
7kmb,G,L,455,C,-0.71
7kmb,G,L,455,D,-2.25
7kmb,G,L,455,E,-2.05
7kmb,G,L,455,F,-0.19
7kmb,G,L,455,G,-0.54
7kmb,G,L,455,H,-0.76
7kmb,G,L,455,I,-0.01
7kmb,G,L,455,K,-1.99
7kmb,G,L,455,L,0
7kmb,G,L,455,M,0.05
7kmb,G,L,455,N,-0.8
7kmb,G,L,455,P,-0.95
7kmb,G,L,455,Q,-0.63
7kmb,G,L,455,R,-1.6
7kmb,G,L,455,S,-0.78
7kmb,G,L,455,T,-0.78
7kmb,G,L,455,V,-0.73
7kmb,G,L,455,W,-0.27
7kmb,G,L,455,Y,-1.5
7kmb,G,F,456,A,-2.17
7kmb,G,F,456,C,-1.2
7kmb,G,F,456,D,-4.55
7kmb,G,F,456,E,-2.45
7kmb,G,F,456,F,0
7kmb,G,F,456,G,-2.22
7kmb,G,F,456,H,-0.69
7kmb,G,F,456,I,-1.21
7kmb,G,F,456,K,-1.38
7kmb,G,F,456,L,-0.11
7kmb,G,F,456,M,-0.22
7kmb,G,F,456,N,-2.38
7kmb,G,F,456,P,-2.69
7kmb,G,F,456,Q,-2.07
7kmb,G,F,456,R,-2.08
7kmb,G,F,456,S,-2.42
7kmb,G,F,456,T,-1.65
7kmb,G,F,456,V,-0.61
7kmb,G,F,456,W,-1.01
7kmb,G,F,456,Y,-1.5
7kmb,G,Y,473,A,-2.18
7kmb,G,Y,473,C,-2.1
7kmb,G,Y,473,D,-2.72
7kmb,G,Y,473,E,-1.86
7kmb,G,Y,473,F,-0.16
7kmb,G,Y,473,G,-2.74
7kmb,G,Y,473,H,-0.16
7kmb,G,Y,473,I,-1.23
7kmb,G,Y,473,K,-2.59
7kmb,G,Y,473,L,-0.65
7kmb,G,Y,473,M,-0.66
7kmb,G,Y,473,N,-2.23
7kmb,G,Y,473,P,-4.8
7kmb,G,Y,473,Q,-1.95
7kmb,G,Y,473,R,-2.59
7kmb,G,Y,473,S,-2.13
7kmb,G,Y,473,T,-1.85
7kmb,G,Y,473,V,-1.2
7kmb,G,Y,473,W,-0.81
7kmb,G,Y,473,Y,0
7kmb,G,A,475,A,0
7kmb,G,A,475,C,-0.66
7kmb,G,A,475,D,-2.01
7kmb,G,A,475,E,-0.48
7kmb,G,A,475,F,-1.38
7kmb,G,A,475,G,-0.13
7kmb,G,A,475,H,-1.98
7kmb,G,A,475,I,-0.48
7kmb,G,A,475,K,-1.06
7kmb,G,A,475,L,-1.27
7kmb,G,A,475,M,-0.38
7kmb,G,A,475,N,-1.67
7kmb,G,A,475,P,-1.62
7kmb,G,A,475,Q,-0.8
7kmb,G,A,475,R,-0.86
7kmb,G,A,475,S,-0.1
7kmb,G,A,475,T,-0.36
7kmb,G,A,475,V,-0.14
7kmb,G,A,475,W,-2.26
7kmb,G,A,475,Y,-1.69
7kmb,G,G,476,A,-0.26
7kmb,G,G,476,C,-1.89
7kmb,G,G,476,D,-0.54
7kmb,G,G,476,E,-1.35
7kmb,G,G,476,F,-1.22
7kmb,G,G,476,G,0
7kmb,G,G,476,H,-0.38
7kmb,G,G,476,I,-2.31
7kmb,G,G,476,K,-1.68
7kmb,G,G,476,L,-2.51
7kmb,G,G,476,M,-1.67
7kmb,G,G,476,N,-0.84
7kmb,G,G,476,P,-2.56
7kmb,G,G,476,Q,-1.12
7kmb,G,G,476,R,-1.18
7kmb,G,G,476,S,-0.02
7kmb,G,G,476,T,-0.89
7kmb,G,G,476,V,-1.96
7kmb,G,G,476,W,-0.57
7kmb,G,G,476,Y,-0.98
7kmb,G,S,477,A,-0.07
7kmb,G,S,477,C,-0.44
7kmb,G,S,477,D,0.09
7kmb,G,S,477,E,-0.04
7kmb,G,S,477,F,-0.05
7kmb,G,S,477,G,-0.06
7kmb,G,S,477,H,-0.02
7kmb,G,S,477,I,-0.06
7kmb,G,S,477,K,0.03
7kmb,G,S,477,L,-0.02
7kmb,G,S,477,M,-0.07
7kmb,G,S,477,N,0.06
7kmb,G,S,477,P,0.06
7kmb,G,S,477,Q,-0.01
7kmb,G,S,477,R,-0.03
7kmb,G,S,477,S,0
7kmb,G,S,477,T,-0.01
7kmb,G,S,477,V,-0.05
7kmb,G,S,477,W,0.02
7kmb,G,S,477,Y,-0.02
7kmb,G,E,484,A,-0.07
7kmb,G,E,484,C,-0.52
7kmb,G,E,484,D,-0.38
7kmb,G,E,484,E,0
7kmb,G,E,484,F,-1.43
7kmb,G,E,484,G,-0.06
7kmb,G,E,484,H,-0.55
7kmb,G,E,484,I,-0.64
7kmb,G,E,484,K,0.06
7kmb,G,E,484,L,-0.71
7kmb,G,E,484,M,-0.26
7kmb,G,E,484,N,-0.08
7kmb,G,E,484,P,-0.28
7kmb,G,E,484,Q,0.03
7kmb,G,E,484,R,0.15
7kmb,G,E,484,S,-0.02
7kmb,G,E,484,T,0.05
7kmb,G,E,484,V,-0.65
7kmb,G,E,484,W,-0.78
7kmb,G,E,484,Y,-1.51
7kmb,G,F,486,A,-0.34
7kmb,G,F,486,C,-1.2
7kmb,G,F,486,D,-1.69
7kmb,G,F,486,E,-1.63
7kmb,G,F,486,F,0
7kmb,G,F,486,G,-0.77
7kmb,G,F,486,H,-0.42
7kmb,G,F,486,I,-0.38
7kmb,G,F,486,K,-0.62
7kmb,G,F,486,L,-0.47
7kmb,G,F,486,M,-0.53
7kmb,G,F,486,N,-0.82
7kmb,G,F,486,P,-0.18
7kmb,G,F,486,Q,-0.72
7kmb,G,F,486,R,-0.38
7kmb,G,F,486,S,-0.63
7kmb,G,F,486,T,-0.71
7kmb,G,F,486,V,-0.43
7kmb,G,F,486,W,-0.23
7kmb,G,F,486,Y,-0.34
7kmb,G,N,487,A,-1.74
7kmb,G,N,487,C,-2.41
7kmb,G,N,487,D,-1.08
7kmb,G,N,487,E,-2.06
7kmb,G,N,487,F,-2.29
7kmb,G,N,487,G,-1.59
7kmb,G,N,487,H,-1.87
7kmb,G,N,487,I,-2.77
7kmb,G,N,487,K,-2.3
7kmb,G,N,487,L,-2.2
7kmb,G,N,487,M,-2.12
7kmb,G,N,487,N,0
7kmb,G,N,487,P,-2.64
7kmb,G,N,487,Q,-2.09
7kmb,G,N,487,R,-2.3
7kmb,G,N,487,S,-1.51
7kmb,G,N,487,T,-1.93
7kmb,G,N,487,V,-2.47
7kmb,G,N,487,W,-2.39
7kmb,G,N,487,Y,-2.3
7kmb,G,Y,489,A,-2.46
7kmb,G,Y,489,C,-3.24
7kmb,G,Y,489,D,-3.37
7kmb,G,Y,489,E,-3.98
7kmb,G,Y,489,F,-0.95
7kmb,G,Y,489,G,-4.32
7kmb,G,Y,489,H,-0.66
7kmb,G,Y,489,I,-2.22
7kmb,G,Y,489,K,-4.33
7kmb,G,Y,489,L,-2.2
7kmb,G,Y,489,M,-1.98
7kmb,G,Y,489,N,-2.57
7kmb,G,Y,489,P,-2.26
7kmb,G,Y,489,Q,-2.2
7kmb,G,Y,489,R,-3.79
7kmb,G,Y,489,S,-4.8
7kmb,G,Y,489,T,-4.61
7kmb,G,Y,489,V,-2.15
7kmb,G,Y,489,W,-0.68
7kmb,G,Y,489,Y,0
7kmb,G,F,490,A,0.03
7kmb,G,F,490,C,-0.11
7kmb,G,F,490,D,-0.08
7kmb,G,F,490,E,-0.12
7kmb,G,F,490,F,0
7kmb,G,F,490,G,-0.08
7kmb,G,F,490,H,-0.05
7kmb,G,F,490,I,-0.16
7kmb,G,F,490,K,0.09
7kmb,G,F,490,L,-0.11
7kmb,G,F,490,M,-0.03
7kmb,G,F,490,N,0.02
7kmb,G,F,490,P,-0.09
7kmb,G,F,490,Q,-0.02
7kmb,G,F,490,R,0.01
7kmb,G,F,490,S,0
7kmb,G,F,490,T,-0.04
7kmb,G,F,490,V,-0.08
7kmb,G,F,490,W,-0.05
7kmb,G,F,490,Y,0.06
7kmb,G,Q,493,A,0.13
7kmb,G,Q,493,C,-0.03
7kmb,G,Q,493,D,-1.57
7kmb,G,Q,493,E,-0.56
7kmb,G,Q,493,F,0.06
7kmb,G,Q,493,G,0.01
7kmb,G,Q,493,H,-0.01
7kmb,G,Q,493,I,-0.08
7kmb,G,Q,493,K,0.05
7kmb,G,Q,493,L,0.05
7kmb,G,Q,493,M,0.18
7kmb,G,Q,493,N,-0.21
7kmb,G,Q,493,P,-0.72
7kmb,G,Q,493,Q,0
7kmb,G,Q,493,R,-0.09
7kmb,G,Q,493,S,-0.18
7kmb,G,Q,493,T,-0.08
7kmb,G,Q,493,V,0.05
7kmb,G,Q,493,W,-0.14
7kmb,G,Q,493,Y,0.12
7kmb,G,S,494,A,0.03
7kmb,G,S,494,C,-0.11
7kmb,G,S,494,D,-1.1
7kmb,G,S,494,E,-0.07
7kmb,G,S,494,F,-0.19
7kmb,G,S,494,G,-0.34
7kmb,G,S,494,H,0.06
7kmb,G,S,494,I,-0.64
7kmb,G,S,494,K,0.05
7kmb,G,S,494,L,-0.35
7kmb,G,S,494,M,-0.03
7kmb,G,S,494,N,-0.02
7kmb,G,S,494,P,0
7kmb,G,S,494,Q,-0.01
7kmb,G,S,494,R,0.05
7kmb,G,S,494,S,0
7kmb,G,S,494,T,-0.01
7kmb,G,S,494,V,-0.21
7kmb,G,S,494,W,-0.25
7kmb,G,S,494,Y,-0.1
7kmb,G,Y,495,A,-2.35
7kmb,G,Y,495,C,-2.33
7kmb,G,Y,495,D,-2.61
7kmb,G,Y,495,E,-2.6
7kmb,G,Y,495,F,-0.5
7kmb,G,Y,495,G,-3.93
7kmb,G,Y,495,H,-1.1
7kmb,G,Y,495,I,-1.54
7kmb,G,Y,495,K,-2.14
7kmb,G,Y,495,L,-1.65
7kmb,G,Y,495,M,-0.87
7kmb,G,Y,495,N,-1.43
7kmb,G,Y,495,P,-2.67
7kmb,G,Y,495,Q,-1.98
7kmb,G,Y,495,R,-1.59
7kmb,G,Y,495,S,-2.43
7kmb,G,Y,495,T,-2.14
7kmb,G,Y,495,V,-1.91
7kmb,G,Y,495,W,-0.82
7kmb,G,Y,495,Y,0
7kmb,G,G,496,A,-0.53
7kmb,G,G,496,C,-1.42
7kmb,G,G,496,D,-2.21
7kmb,G,G,496,E,-2.33
7kmb,G,G,496,F,-2.12
7kmb,G,G,496,G,0
7kmb,G,G,496,H,-1.52
7kmb,G,G,496,I,-1.51
7kmb,G,G,496,K,-1.65
7kmb,G,G,496,L,-1.7
7kmb,G,G,496,M,-1.62
7kmb,G,G,496,N,-0.35
7kmb,G,G,496,P,-2.1
7kmb,G,G,496,Q,-1.58
7kmb,G,G,496,R,-1.63
7kmb,G,G,496,S,-0.63
7kmb,G,G,496,T,-1.46
7kmb,G,G,496,V,-1.05
7kmb,G,G,496,W,-1.63
7kmb,G,G,496,Y,-2
7kmb,G,F,497,A,-4.8
7kmb,G,F,497,C,-4.78
7kmb,G,F,497,D,-4.63
7kmb,G,F,497,E,-4.8
7kmb,G,F,497,F,0
7kmb,G,F,497,G,-3.84
7kmb,G,F,497,H,-3.07
7kmb,G,F,497,I,-4.8
7kmb,G,F,497,K,-4.8
7kmb,G,F,497,L,-2.05
7kmb,G,F,497,M,-2.35
7kmb,G,F,497,N,-4.42
7kmb,G,F,497,P,-4.8
7kmb,G,F,497,Q,-4.75
7kmb,G,F,497,R,-4.8
7kmb,G,F,497,S,-4.8
7kmb,G,F,497,T,-4.8
7kmb,G,F,497,V,-4.73
7kmb,G,F,497,W,-1.81
7kmb,G,F,497,Y,-0.59
7kmb,G,Q,498,A,-0.05
7kmb,G,Q,498,C,-1.41
7kmb,G,Q,498,D,-1.27
7kmb,G,Q,498,E,-0.98
7kmb,G,Q,498,F,0.15
7kmb,G,Q,498,G,-0.61
7kmb,G,Q,498,H,0.3
7kmb,G,Q,498,I,-1.48
7kmb,G,Q,498,K,-2.26
7kmb,G,Q,498,L,-1.58
7kmb,G,Q,498,M,-0.51
7kmb,G,Q,498,N,-0.5
7kmb,G,Q,498,P,-3.14
7kmb,G,Q,498,Q,0
7kmb,G,Q,498,R,-0.06
7kmb,G,Q,498,S,-0.17
7kmb,G,Q,498,T,-0.67
7kmb,G,Q,498,V,-1.24
7kmb,G,Q,498,W,0.07
7kmb,G,Q,498,Y,0.16
7kmb,G,T,500,A,-0.56
7kmb,G,T,500,C,-1.6
7kmb,G,T,500,D,-1.99
7kmb,G,T,500,E,-1.14
7kmb,G,T,500,F,-0.98
7kmb,G,T,500,G,-0.93
7kmb,G,T,500,H,-0.88
7kmb,G,T,500,I,-2.3
7kmb,G,T,500,K,-0.8
7kmb,G,T,500,L,-1.52
7kmb,G,T,500,M,-0.75
7kmb,G,T,500,N,-1.2
7kmb,G,T,500,P,-1.12
7kmb,G,T,500,Q,-0.44
7kmb,G,T,500,R,-1.12
7kmb,G,T,500,S,-0.32
7kmb,G,T,500,T,0
7kmb,G,T,500,V,-1.89
7kmb,G,T,500,W,-0.43
7kmb,G,T,500,Y,-0.97
7kmb,G,N,501,A,-0.06
7kmb,G,N,501,C,-0.58
7kmb,G,N,501,D,-2.42
7kmb,G,N,501,E,-0.79
7kmb,G,N,501,F,0.29
7kmb,G,N,501,G,-0.94
7kmb,G,N,501,H,0
7kmb,G,N,501,I,-0.08
7kmb,G,N,501,K,-2.79
7kmb,G,N,501,L,-1.15
7kmb,G,N,501,M,0
7kmb,G,N,501,N,0
7kmb,G,N,501,P,-1.95
7kmb,G,N,501,Q,-0.06
7kmb,G,N,501,R,-2.08
7kmb,G,N,501,S,-0.13
7kmb,G,N,501,T,0.1
7kmb,G,N,501,V,0.15
7kmb,G,N,501,W,0.11
7kmb,G,N,501,Y,0.24
7kmb,G,G,502,A,-2.8
7kmb,G,G,502,C,-3.11
7kmb,G,G,502,D,-4.16
7kmb,G,G,502,E,-4.67
7kmb,G,G,502,F,-4.8
7kmb,G,G,502,G,0
7kmb,G,G,502,H,-4.47
7kmb,G,G,502,I,-4.66
7kmb,G,G,502,K,-4.16
7kmb,G,G,502,L,-4.8
7kmb,G,G,502,M,-4.8
7kmb,G,G,502,N,-4.38
7kmb,G,G,502,P,-4.55
7kmb,G,G,502,Q,-4.68
7kmb,G,G,502,R,-4.8
7kmb,G,G,502,S,-2.7
7kmb,G,G,502,T,-4.8
7kmb,G,G,502,V,-4.8
7kmb,G,G,502,W,-4.8
7kmb,G,G,502,Y,-4.8
7kmb,G,V,503,A,-0.06
7kmb,G,V,503,C,-0.06
7kmb,G,V,503,D,-0.07
7kmb,G,V,503,E,-0.2
7kmb,G,V,503,F,-0.01
7kmb,G,V,503,G,-0.16
7kmb,G,V,503,H,-0.07
7kmb,G,V,503,I,0.05
7kmb,G,V,503,K,0.1
7kmb,G,V,503,L,0.03
7kmb,G,V,503,M,0.1
7kmb,G,V,503,N,-0.08
7kmb,G,V,503,P,-0.88
7kmb,G,V,503,Q,-0.01
7kmb,G,V,503,R,0.01
7kmb,G,V,503,S,-0.64
7kmb,G,V,503,T,-1.08
7kmb,G,V,503,V,0
7kmb,G,V,503,W,-0.09
7kmb,G,V,503,Y,-0.01
7kmb,G,Y,505,A,-2.43
7kmb,G,Y,505,C,-2.36
7kmb,G,Y,505,D,-3.07
7kmb,G,Y,505,E,-3.17
7kmb,G,Y,505,F,-0.15
7kmb,G,Y,505,G,-4.65
7kmb,G,Y,505,H,-0.71
7kmb,G,Y,505,I,-3.19
7kmb,G,Y,505,K,-2.71
7kmb,G,Y,505,L,-2.51
7kmb,G,Y,505,M,-2.32
7kmb,G,Y,505,N,-2
7kmb,G,Y,505,P,-4.09
7kmb,G,Y,505,Q,-2.29
7kmb,G,Y,505,R,-2.47
7kmb,G,Y,505,S,-2.37
7kmb,G,Y,505,T,-3.46
7kmb,G,Y,505,V,-2.46
7kmb,G,Y,505,W,0.13
7kmb,G,Y,505,Y,0
